id,study_id,country,population,observation_period,good,with_respect_to,estimand,value,unit,se,ci,reported_t,reported_mark,reported_significance,compensation,conditioning,sample,source_url,public_locator,forecast_value,review_status
"EST-001","IND-DASTAGIRI-2004","IND","Indian rural and urban residents; NSS 50th round","1993–1994","mutton and goat meat","milk","cross_price","-1.069","dimensionless elasticity, percent quantity change per 1 percent regressor change as reported",,,"-0.54",,,"not explicitly Marshallian or Hicksian; real-expenditure wording precludes silent classification","Eight price regressors including other-food and non-food; real income/expenditure held in equation. Exact compensation concept unresolved.","rural state aggregates","https://doi.org/10.22004/ag.econ.344973","Table 3 p.9; row mutton and goat meat, price column milk",,"human_review_pending"
"EST-002","IND-DASTAGIRI-2004","IND","Indian rural and urban residents; NSS 50th round","1993–1994","mutton and goat meat","mutton and goat meat","own_price","-0.03","dimensionless elasticity, percent quantity change per 1 percent regressor change as reported",,,"-0.03",,,"not explicitly Marshallian or Hicksian; real-expenditure wording precludes silent classification","Eight price regressors including other-food and non-food; real income/expenditure held in equation. Exact compensation concept unresolved.","rural state aggregates","https://doi.org/10.22004/ag.econ.344973","Table 3 p.9; row mutton and goat meat, price column mutton and goat meat",,"human_review_pending"
"EST-003","IND-DASTAGIRI-2004","IND","Indian rural and urban residents; NSS 50th round","1993–1994","mutton and goat meat","beef and buffalo meat","cross_price","-0.028","dimensionless elasticity, percent quantity change per 1 percent regressor change as reported",,,"-0.02",,,"not explicitly Marshallian or Hicksian; real-expenditure wording precludes silent classification","Eight price regressors including other-food and non-food; real income/expenditure held in equation. Exact compensation concept unresolved.","rural state aggregates","https://doi.org/10.22004/ag.econ.344973","Table 3 p.9; row mutton and goat meat, price column beef and buffalo meat",,"human_review_pending"
"EST-004","IND-DASTAGIRI-2004","IND","Indian rural and urban residents; NSS 50th round","1993–1994","mutton and goat meat","chicken","cross_price","1.256","dimensionless elasticity, percent quantity change per 1 percent regressor change as reported",,,"0.78",,,"not explicitly Marshallian or Hicksian; real-expenditure wording precludes silent classification","Eight price regressors including other-food and non-food; real income/expenditure held in equation. Exact compensation concept unresolved.","rural state aggregates","https://doi.org/10.22004/ag.econ.344973","Table 3 p.9; row mutton and goat meat, price column chicken",,"human_review_pending"
"EST-005","IND-DASTAGIRI-2004","IND","Indian rural and urban residents; NSS 50th round","1993–1994","mutton and goat meat","eggs","cross_price","-0.9","dimensionless elasticity, percent quantity change per 1 percent regressor change as reported",,,"-0.43",,,"not explicitly Marshallian or Hicksian; real-expenditure wording precludes silent classification","Eight price regressors including other-food and non-food; real income/expenditure held in equation. Exact compensation concept unresolved.","rural state aggregates","https://doi.org/10.22004/ag.econ.344973","Table 3 p.9; row mutton and goat meat, price column eggs",,"human_review_pending"
"EST-006","IND-DASTAGIRI-2004","IND","Indian rural and urban residents; NSS 50th round","1993–1994","mutton and goat meat","fish","cross_price","-0.57","dimensionless elasticity, percent quantity change per 1 percent regressor change as reported",,,"-0.472",,,"not explicitly Marshallian or Hicksian; real-expenditure wording precludes silent classification","Eight price regressors including other-food and non-food; real income/expenditure held in equation. Exact compensation concept unresolved.","rural state aggregates","https://doi.org/10.22004/ag.econ.344973","Table 3 p.9; row mutton and goat meat, price column fish",,"human_review_pending"
"EST-007","IND-DASTAGIRI-2004","IND","Indian rural and urban residents; NSS 50th round","1993–1994","mutton and goat meat","other food","cross_price","-3.447","dimensionless elasticity, percent quantity change per 1 percent regressor change as reported",,,"-0.84",,,"not explicitly Marshallian or Hicksian; real-expenditure wording precludes silent classification","Eight price regressors including other-food and non-food; real income/expenditure held in equation. Exact compensation concept unresolved.","rural state aggregates","https://doi.org/10.22004/ag.econ.344973","Table 3 p.9; row mutton and goat meat, price column other food",,"human_review_pending"
"EST-008","IND-DASTAGIRI-2004","IND","Indian rural and urban residents; NSS 50th round","1993–1994","mutton and goat meat","non-food","cross_price","-0.045","dimensionless elasticity, percent quantity change per 1 percent regressor change as reported",,,"-0.02",,,"not explicitly Marshallian or Hicksian; real-expenditure wording precludes silent classification","Eight price regressors including other-food and non-food; real income/expenditure held in equation. Exact compensation concept unresolved.","rural state aggregates","https://doi.org/10.22004/ag.econ.344973","Table 3 p.9; row mutton and goat meat, price column non-food",,"human_review_pending"
"EST-009","IND-DASTAGIRI-2004","IND","Indian rural and urban residents; NSS 50th round","1993–1994","beef and buffalo meat","milk","cross_price","-3.598","dimensionless elasticity, percent quantity change per 1 percent regressor change as reported",,,"-1.39","***","10% source mark; t-value consistency not guaranteed","not explicitly Marshallian or Hicksian; real-expenditure wording precludes silent classification","Eight price regressors including other-food and non-food; real income/expenditure held in equation. Exact compensation concept unresolved.","rural state aggregates","https://doi.org/10.22004/ag.econ.344973","Table 3 p.9; row beef and buffalo meat, price column milk",,"human_review_pending"
"EST-010","IND-DASTAGIRI-2004","IND","Indian rural and urban residents; NSS 50th round","1993–1994","beef and buffalo meat","mutton and goat meat","cross_price","1.965","dimensionless elasticity, percent quantity change per 1 percent regressor change as reported",,,"1.27",,,"not explicitly Marshallian or Hicksian; real-expenditure wording precludes silent classification","Eight price regressors including other-food and non-food; real income/expenditure held in equation. Exact compensation concept unresolved.","rural state aggregates","https://doi.org/10.22004/ag.econ.344973","Table 3 p.9; row beef and buffalo meat, price column mutton and goat meat",,"human_review_pending"
"EST-011","IND-DASTAGIRI-2004","IND","Indian rural and urban residents; NSS 50th round","1993–1994","beef and buffalo meat","beef and buffalo meat","own_price","3.179","dimensionless elasticity, percent quantity change per 1 percent regressor change as reported",,,"2.16","***","10% source mark; t-value consistency not guaranteed","not explicitly Marshallian or Hicksian; real-expenditure wording precludes silent classification","Eight price regressors including other-food and non-food; real income/expenditure held in equation. Exact compensation concept unresolved.","rural state aggregates","https://doi.org/10.22004/ag.econ.344973","Table 3 p.9; row beef and buffalo meat, price column beef and buffalo meat",,"human_review_pending"
"EST-012","IND-DASTAGIRI-2004","IND","Indian rural and urban residents; NSS 50th round","1993–1994","beef and buffalo meat","chicken","cross_price","-0.416","dimensionless elasticity, percent quantity change per 1 percent regressor change as reported",,,"-0.2",,,"not explicitly Marshallian or Hicksian; real-expenditure wording precludes silent classification","Eight price regressors including other-food and non-food; real income/expenditure held in equation. Exact compensation concept unresolved.","rural state aggregates","https://doi.org/10.22004/ag.econ.344973","Table 3 p.9; row beef and buffalo meat, price column chicken",,"human_review_pending"
"EST-013","IND-DASTAGIRI-2004","IND","Indian rural and urban residents; NSS 50th round","1993–1994","beef and buffalo meat","eggs","cross_price","0.241","dimensionless elasticity, percent quantity change per 1 percent regressor change as reported",,,"0.09",,,"not explicitly Marshallian or Hicksian; real-expenditure wording precludes silent classification","Eight price regressors including other-food and non-food; real income/expenditure held in equation. Exact compensation concept unresolved.","rural state aggregates","https://doi.org/10.22004/ag.econ.344973","Table 3 p.9; row beef and buffalo meat, price column eggs",,"human_review_pending"
"EST-014","IND-DASTAGIRI-2004","IND","Indian rural and urban residents; NSS 50th round","1993–1994","beef and buffalo meat","fish","cross_price","2.2","dimensionless elasticity, percent quantity change per 1 percent regressor change as reported",,,"1.4","***","10% source mark; t-value consistency not guaranteed","not explicitly Marshallian or Hicksian; real-expenditure wording precludes silent classification","Eight price regressors including other-food and non-food; real income/expenditure held in equation. Exact compensation concept unresolved.","rural state aggregates","https://doi.org/10.22004/ag.econ.344973","Table 3 p.9; row beef and buffalo meat, price column fish",,"human_review_pending"
"EST-015","IND-DASTAGIRI-2004","IND","Indian rural and urban residents; NSS 50th round","1993–1994","beef and buffalo meat","other food","cross_price","-0.085","dimensionless elasticity, percent quantity change per 1 percent regressor change as reported",,,"-0.01",,,"not explicitly Marshallian or Hicksian; real-expenditure wording precludes silent classification","Eight price regressors including other-food and non-food; real income/expenditure held in equation. Exact compensation concept unresolved.","rural state aggregates","https://doi.org/10.22004/ag.econ.344973","Table 3 p.9; row beef and buffalo meat, price column other food",,"human_review_pending"
"EST-016","IND-DASTAGIRI-2004","IND","Indian rural and urban residents; NSS 50th round","1993–1994","beef and buffalo meat","non-food","cross_price","1.036","dimensionless elasticity, percent quantity change per 1 percent regressor change as reported",,,"0.41",,,"not explicitly Marshallian or Hicksian; real-expenditure wording precludes silent classification","Eight price regressors including other-food and non-food; real income/expenditure held in equation. Exact compensation concept unresolved.","rural state aggregates","https://doi.org/10.22004/ag.econ.344973","Table 3 p.9; row beef and buffalo meat, price column non-food",,"human_review_pending"
"EST-017","IND-DASTAGIRI-2004","IND","Indian rural and urban residents; NSS 50th round","1993–1994","chicken","milk","cross_price","3.797","dimensionless elasticity, percent quantity change per 1 percent regressor change as reported",,,"3.09","*","1% source mark; t-value consistency not guaranteed","not explicitly Marshallian or Hicksian; real-expenditure wording precludes silent classification","Eight price regressors including other-food and non-food; real income/expenditure held in equation. Exact compensation concept unresolved.","rural state aggregates","https://doi.org/10.22004/ag.econ.344973","Table 3 p.9; row chicken, price column milk",,"human_review_pending"
"EST-018","IND-DASTAGIRI-2004","IND","Indian rural and urban residents; NSS 50th round","1993–1994","chicken","mutton and goat meat","cross_price","-1.726","dimensionless elasticity, percent quantity change per 1 percent regressor change as reported",,,"-2.35",,,"not explicitly Marshallian or Hicksian; real-expenditure wording precludes silent classification","Eight price regressors including other-food and non-food; real income/expenditure held in equation. Exact compensation concept unresolved.","rural state aggregates","https://doi.org/10.22004/ag.econ.344973","Table 3 p.9; row chicken, price column mutton and goat meat",,"human_review_pending"
"EST-019","IND-DASTAGIRI-2004","IND","Indian rural and urban residents; NSS 50th round","1993–1994","chicken","beef and buffalo meat","cross_price","-0.157","dimensionless elasticity, percent quantity change per 1 percent regressor change as reported",,,"-0.22",,,"not explicitly Marshallian or Hicksian; real-expenditure wording precludes silent classification","Eight price regressors including other-food and non-food; real income/expenditure held in equation. Exact compensation concept unresolved.","rural state aggregates","https://doi.org/10.22004/ag.econ.344973","Table 3 p.9; row chicken, price column beef and buffalo meat",,"human_review_pending"
"EST-020","IND-DASTAGIRI-2004","IND","Indian rural and urban residents; NSS 50th round","1993–1994","chicken","chicken","own_price","-0.432","dimensionless elasticity, percent quantity change per 1 percent regressor change as reported",,,"-0.44",,,"not explicitly Marshallian or Hicksian; real-expenditure wording precludes silent classification","Eight price regressors including other-food and non-food; real income/expenditure held in equation. Exact compensation concept unresolved.","rural state aggregates","https://doi.org/10.22004/ag.econ.344973","Table 3 p.9; row chicken, price column chicken",,"human_review_pending"
"EST-021","IND-DASTAGIRI-2004","IND","Indian rural and urban residents; NSS 50th round","1993–1994","chicken","eggs","cross_price","-2.619","dimensionless elasticity, percent quantity change per 1 percent regressor change as reported",,,"-2.02","**","5% source mark; t-value consistency not guaranteed","not explicitly Marshallian or Hicksian; real-expenditure wording precludes silent classification","Eight price regressors including other-food and non-food; real income/expenditure held in equation. Exact compensation concept unresolved.","rural state aggregates","https://doi.org/10.22004/ag.econ.344973","Table 3 p.9; row chicken, price column eggs",,"human_review_pending"
"EST-022","IND-DASTAGIRI-2004","IND","Indian rural and urban residents; NSS 50th round","1993–1994","chicken","fish","cross_price","0.031","dimensionless elasticity, percent quantity change per 1 percent regressor change as reported",,,"0.04",,,"not explicitly Marshallian or Hicksian; real-expenditure wording precludes silent classification","Eight price regressors including other-food and non-food; real income/expenditure held in equation. Exact compensation concept unresolved.","rural state aggregates","https://doi.org/10.22004/ag.econ.344973","Table 3 p.9; row chicken, price column fish",,"human_review_pending"
"EST-023","IND-DASTAGIRI-2004","IND","Indian rural and urban residents; NSS 50th round","1993–1994","chicken","other food","cross_price","-0.922","dimensionless elasticity, percent quantity change per 1 percent regressor change as reported",,,"-0.36",,,"not explicitly Marshallian or Hicksian; real-expenditure wording precludes silent classification","Eight price regressors including other-food and non-food; real income/expenditure held in equation. Exact compensation concept unresolved.","rural state aggregates","https://doi.org/10.22004/ag.econ.344973","Table 3 p.9; row chicken, price column other food",,"human_review_pending"
"EST-024","IND-DASTAGIRI-2004","IND","Indian rural and urban residents; NSS 50th round","1993–1994","chicken","non-food","cross_price","-3.897","dimensionless elasticity, percent quantity change per 1 percent regressor change as reported",,,"-3.26","*","1% source mark; t-value consistency not guaranteed","not explicitly Marshallian or Hicksian; real-expenditure wording precludes silent classification","Eight price regressors including other-food and non-food; real income/expenditure held in equation. Exact compensation concept unresolved.","rural state aggregates","https://doi.org/10.22004/ag.econ.344973","Table 3 p.9; row chicken, price column non-food",,"human_review_pending"
"EST-025","IND-DASTAGIRI-2004","IND","Indian rural and urban residents; NSS 50th round","1993–1994","mutton and goat meat","milk","cross_price","2.364","dimensionless elasticity, percent quantity change per 1 percent regressor change as reported",,,"0.66",,,"not explicitly Marshallian or Hicksian; real-expenditure wording precludes silent classification","Eight price regressors including other-food and non-food; real income/expenditure held in equation. Exact compensation concept unresolved.","urban state aggregates","https://doi.org/10.22004/ag.econ.344973","Table 4 p.10; row mutton and goat meat, price column milk",,"human_review_pending"
"EST-026","IND-DASTAGIRI-2004","IND","Indian rural and urban residents; NSS 50th round","1993–1994","mutton and goat meat","mutton and goat meat","own_price","-3.308","dimensionless elasticity, percent quantity change per 1 percent regressor change as reported",,,"-1.21",,,"not explicitly Marshallian or Hicksian; real-expenditure wording precludes silent classification","Eight price regressors including other-food and non-food; real income/expenditure held in equation. Exact compensation concept unresolved.","urban state aggregates","https://doi.org/10.22004/ag.econ.344973","Table 4 p.10; row mutton and goat meat, price column mutton and goat meat",,"human_review_pending"
"EST-027","IND-DASTAGIRI-2004","IND","Indian rural and urban residents; NSS 50th round","1993–1994","mutton and goat meat","beef and buffalo meat","cross_price","-2.522","dimensionless elasticity, percent quantity change per 1 percent regressor change as reported",,,"-2.135","**","5% source mark; t-value consistency not guaranteed","not explicitly Marshallian or Hicksian; real-expenditure wording precludes silent classification","Eight price regressors including other-food and non-food; real income/expenditure held in equation. Exact compensation concept unresolved.","urban state aggregates","https://doi.org/10.22004/ag.econ.344973","Table 4 p.10; row mutton and goat meat, price column beef and buffalo meat",,"human_review_pending"
"EST-028","IND-DASTAGIRI-2004","IND","Indian rural and urban residents; NSS 50th round","1993–1994","mutton and goat meat","chicken","cross_price","-0.059","dimensionless elasticity, percent quantity change per 1 percent regressor change as reported",,,"-0.08",,,"not explicitly Marshallian or Hicksian; real-expenditure wording precludes silent classification","Eight price regressors including other-food and non-food; real income/expenditure held in equation. Exact compensation concept unresolved.","urban state aggregates","https://doi.org/10.22004/ag.econ.344973","Table 4 p.10; row mutton and goat meat, price column chicken",,"human_review_pending"
"EST-029","IND-DASTAGIRI-2004","IND","Indian rural and urban residents; NSS 50th round","1993–1994","mutton and goat meat","eggs","cross_price","-0.955","dimensionless elasticity, percent quantity change per 1 percent regressor change as reported",,,"-0.33",,,"not explicitly Marshallian or Hicksian; real-expenditure wording precludes silent classification","Eight price regressors including other-food and non-food; real income/expenditure held in equation. Exact compensation concept unresolved.","urban state aggregates","https://doi.org/10.22004/ag.econ.344973","Table 4 p.10; row mutton and goat meat, price column eggs",,"human_review_pending"
"EST-030","IND-DASTAGIRI-2004","IND","Indian rural and urban residents; NSS 50th round","1993–1994","mutton and goat meat","fish","cross_price","0.877","dimensionless elasticity, percent quantity change per 1 percent regressor change as reported",,,"0.51",,,"not explicitly Marshallian or Hicksian; real-expenditure wording precludes silent classification","Eight price regressors including other-food and non-food; real income/expenditure held in equation. Exact compensation concept unresolved.","urban state aggregates","https://doi.org/10.22004/ag.econ.344973","Table 4 p.10; row mutton and goat meat, price column fish",,"human_review_pending"
"EST-031","IND-DASTAGIRI-2004","IND","Indian rural and urban residents; NSS 50th round","1993–1994","mutton and goat meat","other food","cross_price","-5.246","dimensionless elasticity, percent quantity change per 1 percent regressor change as reported",,,"-0.89",,,"not explicitly Marshallian or Hicksian; real-expenditure wording precludes silent classification","Eight price regressors including other-food and non-food; real income/expenditure held in equation. Exact compensation concept unresolved.","urban state aggregates","https://doi.org/10.22004/ag.econ.344973","Table 4 p.10; row mutton and goat meat, price column other food",,"human_review_pending"
"EST-032","IND-DASTAGIRI-2004","IND","Indian rural and urban residents; NSS 50th round","1993–1994","mutton and goat meat","non-food","cross_price","1.39","dimensionless elasticity, percent quantity change per 1 percent regressor change as reported",,,"0.44",,,"not explicitly Marshallian or Hicksian; real-expenditure wording precludes silent classification","Eight price regressors including other-food and non-food; real income/expenditure held in equation. Exact compensation concept unresolved.","urban state aggregates","https://doi.org/10.22004/ag.econ.344973","Table 4 p.10; row mutton and goat meat, price column non-food",,"human_review_pending"
"EST-033","IND-DASTAGIRI-2004","IND","Indian rural and urban residents; NSS 50th round","1993–1994","beef and buffalo meat","milk","cross_price","-0.29","dimensionless elasticity, percent quantity change per 1 percent regressor change as reported",,,"-0.05",,,"not explicitly Marshallian or Hicksian; real-expenditure wording precludes silent classification","Eight price regressors including other-food and non-food; real income/expenditure held in equation. Exact compensation concept unresolved.","urban state aggregates","https://doi.org/10.22004/ag.econ.344973","Table 4 p.10; row beef and buffalo meat, price column milk",,"human_review_pending"
"EST-034","IND-DASTAGIRI-2004","IND","Indian rural and urban residents; NSS 50th round","1993–1994","beef and buffalo meat","mutton and goat meat","cross_price","6.486","dimensionless elasticity, percent quantity change per 1 percent regressor change as reported",,,"1.584","***","10% source mark; t-value consistency not guaranteed","not explicitly Marshallian or Hicksian; real-expenditure wording precludes silent classification","Eight price regressors including other-food and non-food; real income/expenditure held in equation. Exact compensation concept unresolved.","urban state aggregates","https://doi.org/10.22004/ag.econ.344973","Table 4 p.10; row beef and buffalo meat, price column mutton and goat meat",,"human_review_pending"
"EST-035","IND-DASTAGIRI-2004","IND","Indian rural and urban residents; NSS 50th round","1993–1994","beef and buffalo meat","beef and buffalo meat","own_price","-0.476","dimensionless elasticity, percent quantity change per 1 percent regressor change as reported",,,"-0.27",,,"not explicitly Marshallian or Hicksian; real-expenditure wording precludes silent classification","Eight price regressors including other-food and non-food; real income/expenditure held in equation. Exact compensation concept unresolved.","urban state aggregates","https://doi.org/10.22004/ag.econ.344973","Table 4 p.10; row beef and buffalo meat, price column beef and buffalo meat",,"human_review_pending"
"EST-036","IND-DASTAGIRI-2004","IND","Indian rural and urban residents; NSS 50th round","1993–1994","beef and buffalo meat","chicken","cross_price","-0.45","dimensionless elasticity, percent quantity change per 1 percent regressor change as reported",,,"-0.4",,,"not explicitly Marshallian or Hicksian; real-expenditure wording precludes silent classification","Eight price regressors including other-food and non-food; real income/expenditure held in equation. Exact compensation concept unresolved.","urban state aggregates","https://doi.org/10.22004/ag.econ.344973","Table 4 p.10; row beef and buffalo meat, price column chicken",,"human_review_pending"
"EST-037","IND-DASTAGIRI-2004","IND","Indian rural and urban residents; NSS 50th round","1993–1994","beef and buffalo meat","eggs","cross_price","-3.277","dimensionless elasticity, percent quantity change per 1 percent regressor change as reported",,,"-0.76",,,"not explicitly Marshallian or Hicksian; real-expenditure wording precludes silent classification","Eight price regressors including other-food and non-food; real income/expenditure held in equation. Exact compensation concept unresolved.","urban state aggregates","https://doi.org/10.22004/ag.econ.344973","Table 4 p.10; row beef and buffalo meat, price column eggs",,"human_review_pending"
"EST-038","IND-DASTAGIRI-2004","IND","Indian rural and urban residents; NSS 50th round","1993–1994","beef and buffalo meat","fish","cross_price","-1.318","dimensionless elasticity, percent quantity change per 1 percent regressor change as reported",,,"-0.51",,,"not explicitly Marshallian or Hicksian; real-expenditure wording precludes silent classification","Eight price regressors including other-food and non-food; real income/expenditure held in equation. Exact compensation concept unresolved.","urban state aggregates","https://doi.org/10.22004/ag.econ.344973","Table 4 p.10; row beef and buffalo meat, price column fish",,"human_review_pending"
"EST-039","IND-DASTAGIRI-2004","IND","Indian rural and urban residents; NSS 50th round","1993–1994","beef and buffalo meat","other food","cross_price","5.335","dimensionless elasticity, percent quantity change per 1 percent regressor change as reported",,,"0.6",,,"not explicitly Marshallian or Hicksian; real-expenditure wording precludes silent classification","Eight price regressors including other-food and non-food; real income/expenditure held in equation. Exact compensation concept unresolved.","urban state aggregates","https://doi.org/10.22004/ag.econ.344973","Table 4 p.10; row beef and buffalo meat, price column other food",,"human_review_pending"
"EST-040","IND-DASTAGIRI-2004","IND","Indian rural and urban residents; NSS 50th round","1993–1994","beef and buffalo meat","non-food","cross_price","0.879","dimensionless elasticity, percent quantity change per 1 percent regressor change as reported",,,"0.187",,,"not explicitly Marshallian or Hicksian; real-expenditure wording precludes silent classification","Eight price regressors including other-food and non-food; real income/expenditure held in equation. Exact compensation concept unresolved.","urban state aggregates","https://doi.org/10.22004/ag.econ.344973","Table 4 p.10; row beef and buffalo meat, price column non-food",,"human_review_pending"
"EST-041","IND-DASTAGIRI-2004","IND","Indian rural and urban residents; NSS 50th round","1993–1994","chicken","milk","cross_price","0.994","dimensionless elasticity, percent quantity change per 1 percent regressor change as reported",,,"0.379",,,"not explicitly Marshallian or Hicksian; real-expenditure wording precludes silent classification","Eight price regressors including other-food and non-food; real income/expenditure held in equation. Exact compensation concept unresolved.","urban state aggregates","https://doi.org/10.22004/ag.econ.344973","Table 4 p.10; row chicken, price column milk",,"human_review_pending"
"EST-042","IND-DASTAGIRI-2004","IND","Indian rural and urban residents; NSS 50th round","1993–1994","chicken","mutton and goat meat","cross_price","1.413","dimensionless elasticity, percent quantity change per 1 percent regressor change as reported",,,"0.71",,,"not explicitly Marshallian or Hicksian; real-expenditure wording precludes silent classification","Eight price regressors including other-food and non-food; real income/expenditure held in equation. Exact compensation concept unresolved.","urban state aggregates","https://doi.org/10.22004/ag.econ.344973","Table 4 p.10; row chicken, price column mutton and goat meat",,"human_review_pending"
"EST-043","IND-DASTAGIRI-2004","IND","Indian rural and urban residents; NSS 50th round","1993–1994","chicken","beef and buffalo meat","cross_price","-0.108","dimensionless elasticity, percent quantity change per 1 percent regressor change as reported",,,"-0.12",,,"not explicitly Marshallian or Hicksian; real-expenditure wording precludes silent classification","Eight price regressors including other-food and non-food; real income/expenditure held in equation. Exact compensation concept unresolved.","urban state aggregates","https://doi.org/10.22004/ag.econ.344973","Table 4 p.10; row chicken, price column beef and buffalo meat",,"human_review_pending"
"EST-044","IND-DASTAGIRI-2004","IND","Indian rural and urban residents; NSS 50th round","1993–1994","chicken","chicken","own_price","-0.328","dimensionless elasticity, percent quantity change per 1 percent regressor change as reported",,,"-0.61",,,"not explicitly Marshallian or Hicksian; real-expenditure wording precludes silent classification","Eight price regressors including other-food and non-food; real income/expenditure held in equation. Exact compensation concept unresolved.","urban state aggregates","https://doi.org/10.22004/ag.econ.344973","Table 4 p.10; row chicken, price column chicken",,"human_review_pending"
"EST-045","IND-DASTAGIRI-2004","IND","Indian rural and urban residents; NSS 50th round","1993–1994","chicken","eggs","cross_price","-2.541","dimensionless elasticity, percent quantity change per 1 percent regressor change as reported",,,"-1.21",,,"not explicitly Marshallian or Hicksian; real-expenditure wording precludes silent classification","Eight price regressors including other-food and non-food; real income/expenditure held in equation. Exact compensation concept unresolved.","urban state aggregates","https://doi.org/10.22004/ag.econ.344973","Table 4 p.10; row chicken, price column eggs",,"human_review_pending"
"EST-046","IND-DASTAGIRI-2004","IND","Indian rural and urban residents; NSS 50th round","1993–1994","chicken","fish","cross_price","0.805","dimensionless elasticity, percent quantity change per 1 percent regressor change as reported",,,"0.64",,,"not explicitly Marshallian or Hicksian; real-expenditure wording precludes silent classification","Eight price regressors including other-food and non-food; real income/expenditure held in equation. Exact compensation concept unresolved.","urban state aggregates","https://doi.org/10.22004/ag.econ.344973","Table 4 p.10; row chicken, price column fish",,"human_review_pending"
"EST-047","IND-DASTAGIRI-2004","IND","Indian rural and urban residents; NSS 50th round","1993–1994","chicken","other food","cross_price","5.155","dimensionless elasticity, percent quantity change per 1 percent regressor change as reported",,,"1.19",,,"not explicitly Marshallian or Hicksian; real-expenditure wording precludes silent classification","Eight price regressors including other-food and non-food; real income/expenditure held in equation. Exact compensation concept unresolved.","urban state aggregates","https://doi.org/10.22004/ag.econ.344973","Table 4 p.10; row chicken, price column other food",,"human_review_pending"
"EST-048","IND-DASTAGIRI-2004","IND","Indian rural and urban residents; NSS 50th round","1993–1994","chicken","non-food","cross_price","-4.696","dimensionless elasticity, percent quantity change per 1 percent regressor change as reported",,,"-2.02","**","5% source mark; t-value consistency not guaranteed","not explicitly Marshallian or Hicksian; real-expenditure wording precludes silent classification","Eight price regressors including other-food and non-food; real income/expenditure held in equation. Exact compensation concept unresolved.","urban state aggregates","https://doi.org/10.22004/ag.econ.344973","Table 4 p.10; row chicken, price column non-food",,"human_review_pending"
"EST-049","IND-DASTAGIRI-2004","IND","Indian rural and urban residents; NSS 50th round","1993–1994","mutton and goat meat","expenditure","expenditure","0.52255","dimensionless elasticity, percent quantity change per 1 percent regressor change as reported",,,"0.3741",,,"not applicable to expenditure estimand","Eight price regressors including other-food and non-food; real income/expenditure held in equation. Exact compensation concept unresolved.","rural","https://doi.org/10.22004/ag.econ.344973","Table 2 p.8; mutton and goat meat row, rural column",,"human_review_pending"
"EST-050","IND-DASTAGIRI-2004","IND","Indian rural and urban residents; NSS 50th round","1993–1994","mutton and goat meat","expenditure","expenditure","3.1978","dimensionless elasticity, percent quantity change per 1 percent regressor change as reported",,,"1.9083","**","5% source mark; t-value consistency not guaranteed","not applicable to expenditure estimand","Eight price regressors including other-food and non-food; real income/expenditure held in equation. Exact compensation concept unresolved.","urban","https://doi.org/10.22004/ag.econ.344973","Table 2 p.8; mutton and goat meat row, urban column",,"human_review_pending"
"EST-051","IND-DASTAGIRI-2004","IND","Indian rural and urban residents; NSS 50th round","1993–1994","mutton and goat meat","expenditure","expenditure","2.2645","dimensionless elasticity, percent quantity change per 1 percent regressor change as reported",,,"2.6342","*","1% source mark; t-value consistency not guaranteed","not applicable to expenditure estimand","Eight price regressors including other-food and non-food; real income/expenditure held in equation. Exact compensation concept unresolved.","pooled","https://doi.org/10.22004/ag.econ.344973","Table 2 p.8; mutton and goat meat row, pooled column",,"human_review_pending"
"EST-052","IND-DASTAGIRI-2004","IND","Indian rural and urban residents; NSS 50th round","1993–1994","beef and buffalo meat","expenditure","expenditure","0.7484","dimensionless elasticity, percent quantity change per 1 percent regressor change as reported",,,"0.4124",,,"not applicable to expenditure estimand","Eight price regressors including other-food and non-food; real income/expenditure held in equation. Exact compensation concept unresolved.","rural","https://doi.org/10.22004/ag.econ.344973","Table 2 p.8; beef and buffalo meat row, rural column",,"human_review_pending"
"EST-053","IND-DASTAGIRI-2004","IND","Indian rural and urban residents; NSS 50th round","1993–1994","beef and buffalo meat","expenditure","expenditure","0.5702","dimensionless elasticity, percent quantity change per 1 percent regressor change as reported",,,"0.2256",,,"not applicable to expenditure estimand","Eight price regressors including other-food and non-food; real income/expenditure held in equation. Exact compensation concept unresolved.","urban","https://doi.org/10.22004/ag.econ.344973","Table 2 p.8; beef and buffalo meat row, urban column",,"human_review_pending"
"EST-054","IND-DASTAGIRI-2004","IND","Indian rural and urban residents; NSS 50th round","1993–1994","beef and buffalo meat","expenditure","expenditure","0.327","dimensionless elasticity, percent quantity change per 1 percent regressor change as reported",,,"0.2555",,,"not applicable to expenditure estimand","Eight price regressors including other-food and non-food; real income/expenditure held in equation. Exact compensation concept unresolved.","pooled","https://doi.org/10.22004/ag.econ.344973","Table 2 p.8; beef and buffalo meat row, pooled column",,"human_review_pending"
"EST-055","IND-DASTAGIRI-2004","IND","Indian rural and urban residents; NSS 50th round","1993–1994","chicken","expenditure","expenditure","1.5718","dimensionless elasticity, percent quantity change per 1 percent regressor change as reported",,,"1.8277","***","10% source mark; t-value consistency not guaranteed","not applicable to expenditure estimand","Eight price regressors including other-food and non-food; real income/expenditure held in equation. Exact compensation concept unresolved.","rural","https://doi.org/10.22004/ag.econ.344973","Table 2 p.8; chicken row, rural column",,"human_review_pending"
"EST-056","IND-DASTAGIRI-2004","IND","Indian rural and urban residents; NSS 50th round","1993–1994","chicken","expenditure","expenditure","0.9439","dimensionless elasticity, percent quantity change per 1 percent regressor change as reported",,,"0.7655",,,"not applicable to expenditure estimand","Eight price regressors including other-food and non-food; real income/expenditure held in equation. Exact compensation concept unresolved.","urban","https://doi.org/10.22004/ag.econ.344973","Table 2 p.8; chicken row, urban column",,"human_review_pending"
"EST-057","IND-DASTAGIRI-2004","IND","Indian rural and urban residents; NSS 50th round","1993–1994","chicken","expenditure","expenditure","1.1653","dimensionless elasticity, percent quantity change per 1 percent regressor change as reported",,,"1.9364","**","5% source mark; t-value consistency not guaranteed","not applicable to expenditure estimand","Eight price regressors including other-food and non-food; real income/expenditure held in equation. Exact compensation concept unresolved.","pooled","https://doi.org/10.22004/ag.econ.344973","Table 2 p.8; chicken row, pooled column",,"human_review_pending"
"EST-058","PAK-AUJLA-2019","PAK","Pakistan HIES households, rural and urban","2010–2011","beef row / beef and buffalo category unresolved","beef and buffalo meat","own_price_author_labeled_category_unresolved","-0.119","dimensionless elasticity, percent quantity change per 1 percent regressor change as reported",,,"-1.326",,,"not explicitly labeled; uncompensated-intent only, model notation unresolved","Four meat prices and household monthly income/total expenditure; not a fixed meat-only budget.","urban","https://cer.salu.edu.pk/public/wp-content/uploads/2020/03/Demand-Estimates-and-Projections-for-Meat-in-Pakistan-by-the-Year-2030-AD.pdf","Table 7 p.32, urban block; row beef row / beef and buffalo category unresolved, price column beef and buffalo meat",,"human_review_pending"
"EST-059","PAK-AUJLA-2019","PAK","Pakistan HIES households, rural and urban","2010–2011","beef row / beef and buffalo category unresolved","mutton and goat meat","cross_price","0.105","dimensionless elasticity, percent quantity change per 1 percent regressor change as reported",,,"0.834",,,"not explicitly labeled; uncompensated-intent only, model notation unresolved","Four meat prices and household monthly income/total expenditure; not a fixed meat-only budget.","urban","https://cer.salu.edu.pk/public/wp-content/uploads/2020/03/Demand-Estimates-and-Projections-for-Meat-in-Pakistan-by-the-Year-2030-AD.pdf","Table 7 p.32, urban block; row beef row / beef and buffalo category unresolved, price column mutton and goat meat",,"human_review_pending"
"EST-060","PAK-AUJLA-2019","PAK","Pakistan HIES households, rural and urban","2010–2011","beef row / beef and buffalo category unresolved","chicken","cross_price","0.198","dimensionless elasticity, percent quantity change per 1 percent regressor change as reported",,,"2.706","**",,"not explicitly labeled; uncompensated-intent only, model notation unresolved","Four meat prices and household monthly income/total expenditure; not a fixed meat-only budget.","urban","https://cer.salu.edu.pk/public/wp-content/uploads/2020/03/Demand-Estimates-and-Projections-for-Meat-in-Pakistan-by-the-Year-2030-AD.pdf","Table 7 p.32, urban block; row beef row / beef and buffalo category unresolved, price column chicken",,"human_review_pending"
"EST-061","PAK-AUJLA-2019","PAK","Pakistan HIES households, rural and urban","2010–2011","beef row / beef and buffalo category unresolved","fish","cross_price","-0.426","dimensionless elasticity, percent quantity change per 1 percent regressor change as reported",,,"-5.411",,,"not explicitly labeled; uncompensated-intent only, model notation unresolved","Four meat prices and household monthly income/total expenditure; not a fixed meat-only budget.","urban","https://cer.salu.edu.pk/public/wp-content/uploads/2020/03/Demand-Estimates-and-Projections-for-Meat-in-Pakistan-by-the-Year-2030-AD.pdf","Table 7 p.32, urban block; row beef row / beef and buffalo category unresolved, price column fish",,"human_review_pending"
"EST-062","PAK-AUJLA-2019","PAK","Pakistan HIES households, rural and urban","2010–2011","mutton row / mutton and goat category unresolved","beef and buffalo meat","cross_price","0.023","dimensionless elasticity, percent quantity change per 1 percent regressor change as reported",,,"0.35",,,"not explicitly labeled; uncompensated-intent only, model notation unresolved","Four meat prices and household monthly income/total expenditure; not a fixed meat-only budget.","urban","https://cer.salu.edu.pk/public/wp-content/uploads/2020/03/Demand-Estimates-and-Projections-for-Meat-in-Pakistan-by-the-Year-2030-AD.pdf","Table 7 p.32, urban block; row mutton row / mutton and goat category unresolved, price column beef and buffalo meat",,"human_review_pending"
"EST-063","PAK-AUJLA-2019","PAK","Pakistan HIES households, rural and urban","2010–2011","mutton row / mutton and goat category unresolved","mutton and goat meat","own_price_author_labeled_category_unresolved","-0.466","dimensionless elasticity, percent quantity change per 1 percent regressor change as reported",,,"-5.08","*",,"not explicitly labeled; uncompensated-intent only, model notation unresolved","Four meat prices and household monthly income/total expenditure; not a fixed meat-only budget.","urban","https://cer.salu.edu.pk/public/wp-content/uploads/2020/03/Demand-Estimates-and-Projections-for-Meat-in-Pakistan-by-the-Year-2030-AD.pdf","Table 7 p.32, urban block; row mutton row / mutton and goat category unresolved, price column mutton and goat meat",,"human_review_pending"
"EST-064","PAK-AUJLA-2019","PAK","Pakistan HIES households, rural and urban","2010–2011","mutton row / mutton and goat category unresolved","chicken","cross_price","0.04","dimensionless elasticity, percent quantity change per 1 percent regressor change as reported",,,"0.756",,,"not explicitly labeled; uncompensated-intent only, model notation unresolved","Four meat prices and household monthly income/total expenditure; not a fixed meat-only budget.","urban","https://cer.salu.edu.pk/public/wp-content/uploads/2020/03/Demand-Estimates-and-Projections-for-Meat-in-Pakistan-by-the-Year-2030-AD.pdf","Table 7 p.32, urban block; row mutton row / mutton and goat category unresolved, price column chicken",,"human_review_pending"
"EST-065","PAK-AUJLA-2019","PAK","Pakistan HIES households, rural and urban","2010–2011","mutton row / mutton and goat category unresolved","fish","cross_price","0.176","dimensionless elasticity, percent quantity change per 1 percent regressor change as reported",,,"3.07","*",,"not explicitly labeled; uncompensated-intent only, model notation unresolved","Four meat prices and household monthly income/total expenditure; not a fixed meat-only budget.","urban","https://cer.salu.edu.pk/public/wp-content/uploads/2020/03/Demand-Estimates-and-Projections-for-Meat-in-Pakistan-by-the-Year-2030-AD.pdf","Table 7 p.32, urban block; row mutton row / mutton and goat category unresolved, price column fish",,"human_review_pending"
"EST-066","PAK-AUJLA-2019","PAK","Pakistan HIES households, rural and urban","2010–2011","chicken","beef and buffalo meat","cross_price","1.039","dimensionless elasticity, percent quantity change per 1 percent regressor change as reported",,,"11.954","*",,"not explicitly labeled; uncompensated-intent only, model notation unresolved","Four meat prices and household monthly income/total expenditure; not a fixed meat-only budget.","urban","https://cer.salu.edu.pk/public/wp-content/uploads/2020/03/Demand-Estimates-and-Projections-for-Meat-in-Pakistan-by-the-Year-2030-AD.pdf","Table 7 p.32, urban block; row chicken, price column beef and buffalo meat",,"human_review_pending"
"EST-067","PAK-AUJLA-2019","PAK","Pakistan HIES households, rural and urban","2010–2011","chicken","mutton and goat meat","cross_price","-0.216","dimensionless elasticity, percent quantity change per 1 percent regressor change as reported",,,"-1.767","***",,"not explicitly labeled; uncompensated-intent only, model notation unresolved","Four meat prices and household monthly income/total expenditure; not a fixed meat-only budget.","urban","https://cer.salu.edu.pk/public/wp-content/uploads/2020/03/Demand-Estimates-and-Projections-for-Meat-in-Pakistan-by-the-Year-2030-AD.pdf","Table 7 p.32, urban block; row chicken, price column mutton and goat meat",,"human_review_pending"
"EST-068","PAK-AUJLA-2019","PAK","Pakistan HIES households, rural and urban","2010–2011","chicken","chicken","own_price","-1.022","dimensionless elasticity, percent quantity change per 1 percent regressor change as reported",,,"-14.454","*",,"not explicitly labeled; uncompensated-intent only, model notation unresolved","Four meat prices and household monthly income/total expenditure; not a fixed meat-only budget.","urban","https://cer.salu.edu.pk/public/wp-content/uploads/2020/03/Demand-Estimates-and-Projections-for-Meat-in-Pakistan-by-the-Year-2030-AD.pdf","Table 7 p.32, urban block; row chicken, price column chicken",,"human_review_pending"
"EST-069","PAK-AUJLA-2019","PAK","Pakistan HIES households, rural and urban","2010–2011","chicken","fish","cross_price","-0.019","dimensionless elasticity, percent quantity change per 1 percent regressor change as reported",,,"-0.254",,,"not explicitly labeled; uncompensated-intent only, model notation unresolved","Four meat prices and household monthly income/total expenditure; not a fixed meat-only budget.","urban","https://cer.salu.edu.pk/public/wp-content/uploads/2020/03/Demand-Estimates-and-Projections-for-Meat-in-Pakistan-by-the-Year-2030-AD.pdf","Table 7 p.32, urban block; row chicken, price column fish",,"human_review_pending"
"EST-070","PAK-AUJLA-2019","PAK","Pakistan HIES households, rural and urban","2010–2011","beef row / beef and buffalo category unresolved","beef and buffalo meat","own_price_author_labeled_category_unresolved","-1.953","dimensionless elasticity, percent quantity change per 1 percent regressor change as reported",,,"-26.26","*",,"not explicitly labeled; uncompensated-intent only, model notation unresolved","Four meat prices and household monthly income/total expenditure; not a fixed meat-only budget.","rural","https://cer.salu.edu.pk/public/wp-content/uploads/2020/03/Demand-Estimates-and-Projections-for-Meat-in-Pakistan-by-the-Year-2030-AD.pdf","Table 7 p.32, rural block; row beef row / beef and buffalo category unresolved, price column beef and buffalo meat",,"human_review_pending"
"EST-071","PAK-AUJLA-2019","PAK","Pakistan HIES households, rural and urban","2010–2011","beef row / beef and buffalo category unresolved","mutton and goat meat","cross_price","-0.199","dimensionless elasticity, percent quantity change per 1 percent regressor change as reported",,,"-1.712","*",,"not explicitly labeled; uncompensated-intent only, model notation unresolved","Four meat prices and household monthly income/total expenditure; not a fixed meat-only budget.","rural","https://cer.salu.edu.pk/public/wp-content/uploads/2020/03/Demand-Estimates-and-Projections-for-Meat-in-Pakistan-by-the-Year-2030-AD.pdf","Table 7 p.32, rural block; row beef row / beef and buffalo category unresolved, price column mutton and goat meat",,"human_review_pending"
"EST-072","PAK-AUJLA-2019","PAK","Pakistan HIES households, rural and urban","2010–2011","beef row / beef and buffalo category unresolved","chicken","cross_price","0.061","dimensionless elasticity, percent quantity change per 1 percent regressor change as reported",,,"1.062",,,"not explicitly labeled; uncompensated-intent only, model notation unresolved","Four meat prices and household monthly income/total expenditure; not a fixed meat-only budget.","rural","https://cer.salu.edu.pk/public/wp-content/uploads/2020/03/Demand-Estimates-and-Projections-for-Meat-in-Pakistan-by-the-Year-2030-AD.pdf","Table 7 p.32, rural block; row beef row / beef and buffalo category unresolved, price column chicken",,"human_review_pending"
"EST-073","PAK-AUJLA-2019","PAK","Pakistan HIES households, rural and urban","2010–2011","beef row / beef and buffalo category unresolved","fish","cross_price","-0.16","dimensionless elasticity, percent quantity change per 1 percent regressor change as reported",,,"-1.984","*",,"not explicitly labeled; uncompensated-intent only, model notation unresolved","Four meat prices and household monthly income/total expenditure; not a fixed meat-only budget.","rural","https://cer.salu.edu.pk/public/wp-content/uploads/2020/03/Demand-Estimates-and-Projections-for-Meat-in-Pakistan-by-the-Year-2030-AD.pdf","Table 7 p.32, rural block; row beef row / beef and buffalo category unresolved, price column fish",,"human_review_pending"
"EST-074","PAK-AUJLA-2019","PAK","Pakistan HIES households, rural and urban","2010–2011","mutton row / mutton and goat category unresolved","beef and buffalo meat","cross_price","0.225","dimensionless elasticity, percent quantity change per 1 percent regressor change as reported",,,"5.364","*",,"not explicitly labeled; uncompensated-intent only, model notation unresolved","Four meat prices and household monthly income/total expenditure; not a fixed meat-only budget.","rural","https://cer.salu.edu.pk/public/wp-content/uploads/2020/03/Demand-Estimates-and-Projections-for-Meat-in-Pakistan-by-the-Year-2030-AD.pdf","Table 7 p.32, rural block; row mutton row / mutton and goat category unresolved, price column beef and buffalo meat",,"human_review_pending"
"EST-075","PAK-AUJLA-2019","PAK","Pakistan HIES households, rural and urban","2010–2011","mutton row / mutton and goat category unresolved","mutton and goat meat","own_price_author_labeled_category_unresolved","-1.292","dimensionless elasticity, percent quantity change per 1 percent regressor change as reported",,,"-19.652","*",,"not explicitly labeled; uncompensated-intent only, model notation unresolved","Four meat prices and household monthly income/total expenditure; not a fixed meat-only budget.","rural","https://cer.salu.edu.pk/public/wp-content/uploads/2020/03/Demand-Estimates-and-Projections-for-Meat-in-Pakistan-by-the-Year-2030-AD.pdf","Table 7 p.32, rural block; row mutton row / mutton and goat category unresolved, price column mutton and goat meat",,"human_review_pending"
"EST-076","PAK-AUJLA-2019","PAK","Pakistan HIES households, rural and urban","2010–2011","mutton row / mutton and goat category unresolved","chicken","cross_price","0.005","dimensionless elasticity, percent quantity change per 1 percent regressor change as reported",,,"0.143",,,"not explicitly labeled; uncompensated-intent only, model notation unresolved","Four meat prices and household monthly income/total expenditure; not a fixed meat-only budget.","rural","https://cer.salu.edu.pk/public/wp-content/uploads/2020/03/Demand-Estimates-and-Projections-for-Meat-in-Pakistan-by-the-Year-2030-AD.pdf","Table 7 p.32, rural block; row mutton row / mutton and goat category unresolved, price column chicken",,"human_review_pending"
"EST-077","PAK-AUJLA-2019","PAK","Pakistan HIES households, rural and urban","2010–2011","mutton row / mutton and goat category unresolved","fish","cross_price","0.17","dimensionless elasticity, percent quantity change per 1 percent regressor change as reported",,,"3.735","*",,"not explicitly labeled; uncompensated-intent only, model notation unresolved","Four meat prices and household monthly income/total expenditure; not a fixed meat-only budget.","rural","https://cer.salu.edu.pk/public/wp-content/uploads/2020/03/Demand-Estimates-and-Projections-for-Meat-in-Pakistan-by-the-Year-2030-AD.pdf","Table 7 p.32, rural block; row mutton row / mutton and goat category unresolved, price column fish",,"human_review_pending"
"EST-078","PAK-AUJLA-2019","PAK","Pakistan HIES households, rural and urban","2010–2011","chicken","beef and buffalo meat","cross_price","0.184","dimensionless elasticity, percent quantity change per 1 percent regressor change as reported",,,"2.409","**",,"not explicitly labeled; uncompensated-intent only, model notation unresolved","Four meat prices and household monthly income/total expenditure; not a fixed meat-only budget.","rural","https://cer.salu.edu.pk/public/wp-content/uploads/2020/03/Demand-Estimates-and-Projections-for-Meat-in-Pakistan-by-the-Year-2030-AD.pdf","Table 7 p.32, rural block; row chicken, price column beef and buffalo meat",,"human_review_pending"
"EST-079","PAK-AUJLA-2019","PAK","Pakistan HIES households, rural and urban","2010–2011","chicken","mutton and goat meat","cross_price","-0.087","dimensionless elasticity, percent quantity change per 1 percent regressor change as reported",,,"-0.726",,,"not explicitly labeled; uncompensated-intent only, model notation unresolved","Four meat prices and household monthly income/total expenditure; not a fixed meat-only budget.","rural","https://cer.salu.edu.pk/public/wp-content/uploads/2020/03/Demand-Estimates-and-Projections-for-Meat-in-Pakistan-by-the-Year-2030-AD.pdf","Table 7 p.32, rural block; row chicken, price column mutton and goat meat",,"human_review_pending"
"EST-080","PAK-AUJLA-2019","PAK","Pakistan HIES households, rural and urban","2010–2011","chicken","chicken","own_price","-0.648","dimensionless elasticity, percent quantity change per 1 percent regressor change as reported",,,"-11.036","*",,"not explicitly labeled; uncompensated-intent only, model notation unresolved","Four meat prices and household monthly income/total expenditure; not a fixed meat-only budget.","rural","https://cer.salu.edu.pk/public/wp-content/uploads/2020/03/Demand-Estimates-and-Projections-for-Meat-in-Pakistan-by-the-Year-2030-AD.pdf","Table 7 p.32, rural block; row chicken, price column chicken",,"human_review_pending"
"EST-081","PAK-AUJLA-2019","PAK","Pakistan HIES households, rural and urban","2010–2011","chicken","fish","cross_price","0.079","dimensionless elasticity, percent quantity change per 1 percent regressor change as reported",,,"0.957",,,"not explicitly labeled; uncompensated-intent only, model notation unresolved","Four meat prices and household monthly income/total expenditure; not a fixed meat-only budget.","rural","https://cer.salu.edu.pk/public/wp-content/uploads/2020/03/Demand-Estimates-and-Projections-for-Meat-in-Pakistan-by-the-Year-2030-AD.pdf","Table 7 p.32, rural block; row chicken, price column fish",,"human_review_pending"
"EST-082","PAK-AUJLA-2019","PAK","Pakistan HIES households, rural and urban","2010–2011","beef row / beef and buffalo category unresolved","beef and buffalo meat","own_price_author_labeled_category_unresolved","-1.068","dimensionless elasticity, percent quantity change per 1 percent regressor change as reported",,,"-18.674","*",,"not explicitly labeled; uncompensated-intent only, model notation unresolved","Four meat prices and household monthly income/total expenditure; not a fixed meat-only budget.","pooled","https://cer.salu.edu.pk/public/wp-content/uploads/2020/03/Demand-Estimates-and-Projections-for-Meat-in-Pakistan-by-the-Year-2030-AD.pdf","Table 7 p.32, pooled block; row beef row / beef and buffalo category unresolved, price column beef and buffalo meat",,"human_review_pending"
"EST-083","PAK-AUJLA-2019","PAK","Pakistan HIES households, rural and urban","2010–2011","beef row / beef and buffalo category unresolved","mutton and goat meat","cross_price","-0.013","dimensionless elasticity, percent quantity change per 1 percent regressor change as reported",,,"-0.156",,,"not explicitly labeled; uncompensated-intent only, model notation unresolved","Four meat prices and household monthly income/total expenditure; not a fixed meat-only budget.","pooled","https://cer.salu.edu.pk/public/wp-content/uploads/2020/03/Demand-Estimates-and-Projections-for-Meat-in-Pakistan-by-the-Year-2030-AD.pdf","Table 7 p.32, pooled block; row beef row / beef and buffalo category unresolved, price column mutton and goat meat",,"human_review_pending"
"EST-084","PAK-AUJLA-2019","PAK","Pakistan HIES households, rural and urban","2010–2011","beef row / beef and buffalo category unresolved","chicken","cross_price","0.135","dimensionless elasticity, percent quantity change per 1 percent regressor change as reported",,,"2.959","*",,"not explicitly labeled; uncompensated-intent only, model notation unresolved","Four meat prices and household monthly income/total expenditure; not a fixed meat-only budget.","pooled","https://cer.salu.edu.pk/public/wp-content/uploads/2020/03/Demand-Estimates-and-Projections-for-Meat-in-Pakistan-by-the-Year-2030-AD.pdf","Table 7 p.32, pooled block; row beef row / beef and buffalo category unresolved, price column chicken",,"human_review_pending"
"EST-085","PAK-AUJLA-2019","PAK","Pakistan HIES households, rural and urban","2010–2011","beef row / beef and buffalo category unresolved","fish","cross_price","-0.378","dimensionless elasticity, percent quantity change per 1 percent regressor change as reported",,,"-6.735","*",,"not explicitly labeled; uncompensated-intent only, model notation unresolved","Four meat prices and household monthly income/total expenditure; not a fixed meat-only budget.","pooled","https://cer.salu.edu.pk/public/wp-content/uploads/2020/03/Demand-Estimates-and-Projections-for-Meat-in-Pakistan-by-the-Year-2030-AD.pdf","Table 7 p.32, pooled block; row beef row / beef and buffalo category unresolved, price column fish",,"human_review_pending"
"EST-086","PAK-AUJLA-2019","PAK","Pakistan HIES households, rural and urban","2010–2011","mutton row / mutton and goat category unresolved","beef and buffalo meat","cross_price","0.204","dimensionless elasticity, percent quantity change per 1 percent regressor change as reported",,,"5.554","*",,"not explicitly labeled; uncompensated-intent only, model notation unresolved","Four meat prices and household monthly income/total expenditure; not a fixed meat-only budget.","pooled","https://cer.salu.edu.pk/public/wp-content/uploads/2020/03/Demand-Estimates-and-Projections-for-Meat-in-Pakistan-by-the-Year-2030-AD.pdf","Table 7 p.32, pooled block; row mutton row / mutton and goat category unresolved, price column beef and buffalo meat",,"human_review_pending"
"EST-087","PAK-AUJLA-2019","PAK","Pakistan HIES households, rural and urban","2010–2011","mutton row / mutton and goat category unresolved","mutton and goat meat","own_price_author_labeled_category_unresolved","-0.859","dimensionless elasticity, percent quantity change per 1 percent regressor change as reported",,,"-15.571","*",,"not explicitly labeled; uncompensated-intent only, model notation unresolved","Four meat prices and household monthly income/total expenditure; not a fixed meat-only budget.","pooled","https://cer.salu.edu.pk/public/wp-content/uploads/2020/03/Demand-Estimates-and-Projections-for-Meat-in-Pakistan-by-the-Year-2030-AD.pdf","Table 7 p.32, pooled block; row mutton row / mutton and goat category unresolved, price column mutton and goat meat",,"human_review_pending"
"EST-088","PAK-AUJLA-2019","PAK","Pakistan HIES households, rural and urban","2010–2011","mutton row / mutton and goat category unresolved","chicken","cross_price","0.015","dimensionless elasticity, percent quantity change per 1 percent regressor change as reported",,,"0.516",,,"not explicitly labeled; uncompensated-intent only, model notation unresolved","Four meat prices and household monthly income/total expenditure; not a fixed meat-only budget.","pooled","https://cer.salu.edu.pk/public/wp-content/uploads/2020/03/Demand-Estimates-and-Projections-for-Meat-in-Pakistan-by-the-Year-2030-AD.pdf","Table 7 p.32, pooled block; row mutton row / mutton and goat category unresolved, price column chicken",,"human_review_pending"
"EST-089","PAK-AUJLA-2019","PAK","Pakistan HIES households, rural and urban","2010–2011","mutton row / mutton and goat category unresolved","fish","cross_price","0.187","dimensionless elasticity, percent quantity change per 1 percent regressor change as reported",,,"5.188","*",,"not explicitly labeled; uncompensated-intent only, model notation unresolved","Four meat prices and household monthly income/total expenditure; not a fixed meat-only budget.","pooled","https://cer.salu.edu.pk/public/wp-content/uploads/2020/03/Demand-Estimates-and-Projections-for-Meat-in-Pakistan-by-the-Year-2030-AD.pdf","Table 7 p.32, pooled block; row mutton row / mutton and goat category unresolved, price column fish",,"human_review_pending"
"EST-090","PAK-AUJLA-2019","PAK","Pakistan HIES households, rural and urban","2010–2011","chicken","beef and buffalo meat","cross_price","0.687","dimensionless elasticity, percent quantity change per 1 percent regressor change as reported",,,"12.032","*",,"not explicitly labeled; uncompensated-intent only, model notation unresolved","Four meat prices and household monthly income/total expenditure; not a fixed meat-only budget.","pooled","https://cer.salu.edu.pk/public/wp-content/uploads/2020/03/Demand-Estimates-and-Projections-for-Meat-in-Pakistan-by-the-Year-2030-AD.pdf","Table 7 p.32, pooled block; row chicken, price column beef and buffalo meat",,"human_review_pending"
"EST-091","PAK-AUJLA-2019","PAK","Pakistan HIES households, rural and urban","2010–2011","chicken","mutton and goat meat","cross_price","-0.118","dimensionless elasticity, percent quantity change per 1 percent regressor change as reported",,,"-1.375",,,"not explicitly labeled; uncompensated-intent only, model notation unresolved","Four meat prices and household monthly income/total expenditure; not a fixed meat-only budget.","pooled","https://cer.salu.edu.pk/public/wp-content/uploads/2020/03/Demand-Estimates-and-Projections-for-Meat-in-Pakistan-by-the-Year-2030-AD.pdf","Table 7 p.32, pooled block; row chicken, price column mutton and goat meat",,"human_review_pending"
"EST-092","PAK-AUJLA-2019","PAK","Pakistan HIES households, rural and urban","2010–2011","chicken","chicken","own_price","-0.807","dimensionless elasticity, percent quantity change per 1 percent regressor change as reported",,,"-17.759","*",,"not explicitly labeled; uncompensated-intent only, model notation unresolved","Four meat prices and household monthly income/total expenditure; not a fixed meat-only budget.","pooled","https://cer.salu.edu.pk/public/wp-content/uploads/2020/03/Demand-Estimates-and-Projections-for-Meat-in-Pakistan-by-the-Year-2030-AD.pdf","Table 7 p.32, pooled block; row chicken, price column chicken",,"human_review_pending"
"EST-093","PAK-AUJLA-2019","PAK","Pakistan HIES households, rural and urban","2010–2011","chicken","fish","cross_price","0.007","dimensionless elasticity, percent quantity change per 1 percent regressor change as reported",,,"0.127",,,"not explicitly labeled; uncompensated-intent only, model notation unresolved","Four meat prices and household monthly income/total expenditure; not a fixed meat-only budget.","pooled","https://cer.salu.edu.pk/public/wp-content/uploads/2020/03/Demand-Estimates-and-Projections-for-Meat-in-Pakistan-by-the-Year-2030-AD.pdf","Table 7 p.32, pooled block; row chicken, price column fish",,"human_review_pending"
"EST-094","PAK-AUJLA-2019","PAK","Pakistan HIES households, rural and urban","2010–2011","beef row / beef and buffalo category unresolved","expenditure","expenditure","0.379","dimensionless elasticity, percent quantity change per 1 percent regressor change as reported",,,"19.987","*","1% (Table 5 legend)","not applicable to expenditure estimand","Four meat prices and household monthly income/total expenditure; not a fixed meat-only budget.","rural","https://cer.salu.edu.pk/public/wp-content/uploads/2020/03/Demand-Estimates-and-Projections-for-Meat-in-Pakistan-by-the-Year-2030-AD.pdf","Table 5 p.30; beef row, rural column",,"human_review_pending"
"EST-095","PAK-AUJLA-2019","PAK","Pakistan HIES households, rural and urban","2010–2011","beef row / beef and buffalo category unresolved","expenditure","expenditure","0.273","dimensionless elasticity, percent quantity change per 1 percent regressor change as reported",,,"12.314","*","1% (Table 5 legend)","not applicable to expenditure estimand","Four meat prices and household monthly income/total expenditure; not a fixed meat-only budget.","urban","https://cer.salu.edu.pk/public/wp-content/uploads/2020/03/Demand-Estimates-and-Projections-for-Meat-in-Pakistan-by-the-Year-2030-AD.pdf","Table 5 p.30; beef row, urban column",,"human_review_pending"
"EST-096","PAK-AUJLA-2019","PAK","Pakistan HIES households, rural and urban","2010–2011","beef row / beef and buffalo category unresolved","expenditure","expenditure","0.373","dimensionless elasticity, percent quantity change per 1 percent regressor change as reported",,,"26.617","*","1% (Table 5 legend)","not applicable to expenditure estimand","Four meat prices and household monthly income/total expenditure; not a fixed meat-only budget.","pooled","https://cer.salu.edu.pk/public/wp-content/uploads/2020/03/Demand-Estimates-and-Projections-for-Meat-in-Pakistan-by-the-Year-2030-AD.pdf","Table 5 p.30; beef row, pooled column",,"human_review_pending"
"EST-097","PAK-AUJLA-2019","PAK","Pakistan HIES households, rural and urban","2010–2011","mutton row / mutton and goat category unresolved","expenditure","expenditure","0.262","dimensionless elasticity, percent quantity change per 1 percent regressor change as reported",,,"24.411","*","1% (Table 5 legend)","not applicable to expenditure estimand","Four meat prices and household monthly income/total expenditure; not a fixed meat-only budget.","rural","https://cer.salu.edu.pk/public/wp-content/uploads/2020/03/Demand-Estimates-and-Projections-for-Meat-in-Pakistan-by-the-Year-2030-AD.pdf","Table 5 p.30; mutton row, rural column",,"human_review_pending"
"EST-098","PAK-AUJLA-2019","PAK","Pakistan HIES households, rural and urban","2010–2011","mutton row / mutton and goat category unresolved","expenditure","expenditure","0.512","dimensionless elasticity, percent quantity change per 1 percent regressor change as reported",,,"31.835","*","1% (Table 5 legend)","not applicable to expenditure estimand","Four meat prices and household monthly income/total expenditure; not a fixed meat-only budget.","urban","https://cer.salu.edu.pk/public/wp-content/uploads/2020/03/Demand-Estimates-and-Projections-for-Meat-in-Pakistan-by-the-Year-2030-AD.pdf","Table 5 p.30; mutton row, urban column",,"human_review_pending"
"EST-099","PAK-AUJLA-2019","PAK","Pakistan HIES households, rural and urban","2010–2011","mutton row / mutton and goat category unresolved","expenditure","expenditure","0.393","dimensionless elasticity, percent quantity change per 1 percent regressor change as reported",,,"43.621","*","1% (Table 5 legend)","not applicable to expenditure estimand","Four meat prices and household monthly income/total expenditure; not a fixed meat-only budget.","pooled","https://cer.salu.edu.pk/public/wp-content/uploads/2020/03/Demand-Estimates-and-Projections-for-Meat-in-Pakistan-by-the-Year-2030-AD.pdf","Table 5 p.30; mutton row, pooled column",,"human_review_pending"
"EST-100","PAK-AUJLA-2019","PAK","Pakistan HIES households, rural and urban","2010–2011","chicken","expenditure","expenditure","0.39","dimensionless elasticity, percent quantity change per 1 percent regressor change as reported",,,"19.991","*","1% (Table 5 legend)","not applicable to expenditure estimand","Four meat prices and household monthly income/total expenditure; not a fixed meat-only budget.","rural","https://cer.salu.edu.pk/public/wp-content/uploads/2020/03/Demand-Estimates-and-Projections-for-Meat-in-Pakistan-by-the-Year-2030-AD.pdf","Table 5 p.30; chicken row, rural column",,"human_review_pending"
"EST-101","PAK-AUJLA-2019","PAK","Pakistan HIES households, rural and urban","2010–2011","chicken","expenditure","expenditure","0.658","dimensionless elasticity, percent quantity change per 1 percent regressor change as reported",,,"30.77","*","1% (Table 5 legend)","not applicable to expenditure estimand","Four meat prices and household monthly income/total expenditure; not a fixed meat-only budget.","urban","https://cer.salu.edu.pk/public/wp-content/uploads/2020/03/Demand-Estimates-and-Projections-for-Meat-in-Pakistan-by-the-Year-2030-AD.pdf","Table 5 p.30; chicken row, urban column",,"human_review_pending"
"EST-102","PAK-AUJLA-2019","PAK","Pakistan HIES households, rural and urban","2010–2011","chicken","expenditure","expenditure","0.563","dimensionless elasticity, percent quantity change per 1 percent regressor change as reported",,,"40.194","*","1% (Table 5 legend)","not applicable to expenditure estimand","Four meat prices and household monthly income/total expenditure; not a fixed meat-only budget.","pooled","https://cer.salu.edu.pk/public/wp-content/uploads/2020/03/Demand-Estimates-and-Projections-for-Meat-in-Pakistan-by-the-Year-2030-AD.pdf","Table 5 p.30; chicken row, pooled column",,"human_review_pending"
"EST-103","SAU-ALBALAWI-2016","SAU","Saudi national annual per-capita meat and fish series","1985–2010","beef","beef","own_price","-0.204","dimensionless elasticity, percent quantity change per 1 percent regressor change as reported",,,,,,"conditional compensated Slutsky/Hicksian-type","Conditional on the four-good meat-and-fish group, with Divisia group quantity/expenditure held fixed for price effects.","national annual 1985–2010","https://doi.org/10.25904/1912/1672","Table 6.4 p.128; row beef, price column beef",,"human_review_pending"
"EST-104","SAU-ALBALAWI-2016","SAU","Saudi national annual per-capita meat and fish series","1985–2010","beef","chicken","cross_price","0.033","dimensionless elasticity, percent quantity change per 1 percent regressor change as reported",,,,,,"conditional compensated Slutsky/Hicksian-type","Conditional on the four-good meat-and-fish group, with Divisia group quantity/expenditure held fixed for price effects.","national annual 1985–2010","https://doi.org/10.25904/1912/1672","Table 6.4 p.128; row beef, price column chicken",,"human_review_pending"
"EST-105","SAU-ALBALAWI-2016","SAU","Saudi national annual per-capita meat and fish series","1985–2010","beef","lamb","cross_price","0.143","dimensionless elasticity, percent quantity change per 1 percent regressor change as reported",,,,,,"conditional compensated Slutsky/Hicksian-type","Conditional on the four-good meat-and-fish group, with Divisia group quantity/expenditure held fixed for price effects.","national annual 1985–2010","https://doi.org/10.25904/1912/1672","Table 6.4 p.128; row beef, price column lamb",,"human_review_pending"
"EST-106","SAU-ALBALAWI-2016","SAU","Saudi national annual per-capita meat and fish series","1985–2010","beef","fish","cross_price","0.028","dimensionless elasticity, percent quantity change per 1 percent regressor change as reported",,,,,,"conditional compensated Slutsky/Hicksian-type","Conditional on the four-good meat-and-fish group, with Divisia group quantity/expenditure held fixed for price effects.","national annual 1985–2010","https://doi.org/10.25904/1912/1672","Table 6.4 p.128; row beef, price column fish",,"human_review_pending"
"EST-107","SAU-ALBALAWI-2016","SAU","Saudi national annual per-capita meat and fish series","1985–2010","chicken","beef","cross_price","0.011","dimensionless elasticity, percent quantity change per 1 percent regressor change as reported",,,,,,"conditional compensated Slutsky/Hicksian-type","Conditional on the four-good meat-and-fish group, with Divisia group quantity/expenditure held fixed for price effects.","national annual 1985–2010","https://doi.org/10.25904/1912/1672","Table 6.4 p.128; row chicken, price column beef",,"human_review_pending"
"EST-108","SAU-ALBALAWI-2016","SAU","Saudi national annual per-capita meat and fish series","1985–2010","chicken","chicken","own_price","-0.088","dimensionless elasticity, percent quantity change per 1 percent regressor change as reported",,,,,,"conditional compensated Slutsky/Hicksian-type","Conditional on the four-good meat-and-fish group, with Divisia group quantity/expenditure held fixed for price effects.","national annual 1985–2010","https://doi.org/10.25904/1912/1672","Table 6.4 p.128; row chicken, price column chicken",,"human_review_pending"
"EST-109","SAU-ALBALAWI-2016","SAU","Saudi national annual per-capita meat and fish series","1985–2010","chicken","lamb","cross_price","0.064","dimensionless elasticity, percent quantity change per 1 percent regressor change as reported",,,,,,"conditional compensated Slutsky/Hicksian-type","Conditional on the four-good meat-and-fish group, with Divisia group quantity/expenditure held fixed for price effects.","national annual 1985–2010","https://doi.org/10.25904/1912/1672","Table 6.4 p.128; row chicken, price column lamb",,"human_review_pending"
"EST-110","SAU-ALBALAWI-2016","SAU","Saudi national annual per-capita meat and fish series","1985–2010","chicken","fish","cross_price","0.013","dimensionless elasticity, percent quantity change per 1 percent regressor change as reported",,,,,,"conditional compensated Slutsky/Hicksian-type","Conditional on the four-good meat-and-fish group, with Divisia group quantity/expenditure held fixed for price effects.","national annual 1985–2010","https://doi.org/10.25904/1912/1672","Table 6.4 p.128; row chicken, price column fish",,"human_review_pending"
"EST-111","SAU-ALBALAWI-2016","SAU","Saudi national annual per-capita meat and fish series","1985–2010","lamb","beef","cross_price","0.03","dimensionless elasticity, percent quantity change per 1 percent regressor change as reported",,,,,,"conditional compensated Slutsky/Hicksian-type","Conditional on the four-good meat-and-fish group, with Divisia group quantity/expenditure held fixed for price effects.","national annual 1985–2010","https://doi.org/10.25904/1912/1672","Table 6.4 p.128; row lamb, price column beef",,"human_review_pending"
"EST-112","SAU-ALBALAWI-2016","SAU","Saudi national annual per-capita meat and fish series","1985–2010","lamb","chicken","cross_price","0.039","dimensionless elasticity, percent quantity change per 1 percent regressor change as reported",,,,,,"conditional compensated Slutsky/Hicksian-type","Conditional on the four-good meat-and-fish group, with Divisia group quantity/expenditure held fixed for price effects.","national annual 1985–2010","https://doi.org/10.25904/1912/1672","Table 6.4 p.128; row lamb, price column chicken",,"human_review_pending"
"EST-113","SAU-ALBALAWI-2016","SAU","Saudi national annual per-capita meat and fish series","1985–2010","lamb","lamb","own_price","-0.103","dimensionless elasticity, percent quantity change per 1 percent regressor change as reported",,,,,,"conditional compensated Slutsky/Hicksian-type","Conditional on the four-good meat-and-fish group, with Divisia group quantity/expenditure held fixed for price effects.","national annual 1985–2010","https://doi.org/10.25904/1912/1672","Table 6.4 p.128; row lamb, price column lamb",,"human_review_pending"
"EST-114","SAU-ALBALAWI-2016","SAU","Saudi national annual per-capita meat and fish series","1985–2010","lamb","fish","cross_price","0.033","dimensionless elasticity, percent quantity change per 1 percent regressor change as reported",,,,,,"conditional compensated Slutsky/Hicksian-type","Conditional on the four-good meat-and-fish group, with Divisia group quantity/expenditure held fixed for price effects.","national annual 1985–2010","https://doi.org/10.25904/1912/1672","Table 6.4 p.128; row lamb, price column fish",,"human_review_pending"
"EST-115","SAU-ALBALAWI-2016","SAU","Saudi national annual per-capita meat and fish series","1985–2010","beef","expenditure","expenditure","1.07","dimensionless elasticity, percent quantity change per 1 percent regressor change as reported",,,,,,"not applicable; meat/fish group expenditure elasticity","Conditional on the four-good meat-and-fish group, with Divisia group quantity/expenditure held fixed for price effects.","pooled/national","https://doi.org/10.25904/1912/1672","Table 6.4 p.128; beef row, income column",,"human_review_pending"
"EST-116","SAU-ALBALAWI-2016","SAU","Saudi national annual per-capita meat and fish series","1985–2010","chicken","expenditure","expenditure","0.48","dimensionless elasticity, percent quantity change per 1 percent regressor change as reported",,,,,,"not applicable; meat/fish group expenditure elasticity","Conditional on the four-good meat-and-fish group, with Divisia group quantity/expenditure held fixed for price effects.","pooled/national","https://doi.org/10.25904/1912/1672","Table 6.4 p.128; chicken row, income column",,"human_review_pending"
"EST-117","SAU-ALBALAWI-2016","SAU","Saudi national annual per-capita meat and fish series","1985–2010","lamb","expenditure","expenditure","1.27","dimensionless elasticity, percent quantity change per 1 percent regressor change as reported",,,,,,"not applicable; meat/fish group expenditure elasticity","Conditional on the four-good meat-and-fish group, with Divisia group quantity/expenditure held fixed for price effects.","pooled/national","https://doi.org/10.25904/1912/1672","Table 6.4 p.128; lamb row, income column",,"human_review_pending"
"EST-118","ARE-BASARIR-2013","ARE","500 face-to-face household questionnaires across all seven UAE emirates, allocations by emirate population; weekly purchases and prices",,"beef","beef","own_price","0.666","dimensionless elasticity, percent quantity change per 1 percent regressor change as reported",,,,"***","p < .10 (source legend)","Marshallian, conditional on six-product group","Six-good meat/fish expenditure shares normalized to unity.","pooled surveyed households across seven emirates; national representativeness unestablished","https://www.agrojournal.org/19/01-05.pdf","Table 2 p.37; row beef, price column beef",,"human_review_pending"
"EST-119","ARE-BASARIR-2013","ARE","500 face-to-face household questionnaires across all seven UAE emirates, allocations by emirate population; weekly purchases and prices",,"beef","lamb","cross_price","-0.157","dimensionless elasticity, percent quantity change per 1 percent regressor change as reported",,,,,,"Marshallian, conditional on six-product group","Six-good meat/fish expenditure shares normalized to unity.","pooled surveyed households across seven emirates; national representativeness unestablished","https://www.agrojournal.org/19/01-05.pdf","Table 2 p.37; row beef, price column lamb",,"human_review_pending"
"EST-120","ARE-BASARIR-2013","ARE","500 face-to-face household questionnaires across all seven UAE emirates, allocations by emirate population; weekly purchases and prices",,"beef","goat","cross_price","-0.225","dimensionless elasticity, percent quantity change per 1 percent regressor change as reported",,,,,,"Marshallian, conditional on six-product group","Six-good meat/fish expenditure shares normalized to unity.","pooled surveyed households across seven emirates; national representativeness unestablished","https://www.agrojournal.org/19/01-05.pdf","Table 2 p.37; row beef, price column goat",,"human_review_pending"
"EST-121","ARE-BASARIR-2013","ARE","500 face-to-face household questionnaires across all seven UAE emirates, allocations by emirate population; weekly purchases and prices",,"beef","chicken","cross_price","-0.204","dimensionless elasticity, percent quantity change per 1 percent regressor change as reported",,,,,,"Marshallian, conditional on six-product group","Six-good meat/fish expenditure shares normalized to unity.","pooled surveyed households across seven emirates; national representativeness unestablished","https://www.agrojournal.org/19/01-05.pdf","Table 2 p.37; row beef, price column chicken",,"human_review_pending"
"EST-122","ARE-BASARIR-2013","ARE","500 face-to-face household questionnaires across all seven UAE emirates, allocations by emirate population; weekly purchases and prices",,"beef","camel","cross_price","-0.089","dimensionless elasticity, percent quantity change per 1 percent regressor change as reported",,,,,,"Marshallian, conditional on six-product group","Six-good meat/fish expenditure shares normalized to unity.","pooled surveyed households across seven emirates; national representativeness unestablished","https://www.agrojournal.org/19/01-05.pdf","Table 2 p.37; row beef, price column camel",,"human_review_pending"
"EST-123","ARE-BASARIR-2013","ARE","500 face-to-face household questionnaires across all seven UAE emirates, allocations by emirate population; weekly purchases and prices",,"beef","fish","cross_price","-0.167","dimensionless elasticity, percent quantity change per 1 percent regressor change as reported",,,,,,"Marshallian, conditional on six-product group","Six-good meat/fish expenditure shares normalized to unity.","pooled surveyed households across seven emirates; national representativeness unestablished","https://www.agrojournal.org/19/01-05.pdf","Table 2 p.37; row beef, price column fish",,"human_review_pending"
"EST-124","ARE-BASARIR-2013","ARE","500 face-to-face household questionnaires across all seven UAE emirates, allocations by emirate population; weekly purchases and prices",,"lamb","beef","cross_price","-0.223","dimensionless elasticity, percent quantity change per 1 percent regressor change as reported",,,,,,"Marshallian, conditional on six-product group","Six-good meat/fish expenditure shares normalized to unity.","pooled surveyed households across seven emirates; national representativeness unestablished","https://www.agrojournal.org/19/01-05.pdf","Table 2 p.37; row lamb, price column beef",,"human_review_pending"
"EST-125","ARE-BASARIR-2013","ARE","500 face-to-face household questionnaires across all seven UAE emirates, allocations by emirate population; weekly purchases and prices",,"lamb","lamb","own_price","-0.041","dimensionless elasticity, percent quantity change per 1 percent regressor change as reported",,,,,,"Marshallian, conditional on six-product group","Six-good meat/fish expenditure shares normalized to unity.","pooled surveyed households across seven emirates; national representativeness unestablished","https://www.agrojournal.org/19/01-05.pdf","Table 2 p.37; row lamb, price column lamb",,"human_review_pending"
"EST-126","ARE-BASARIR-2013","ARE","500 face-to-face household questionnaires across all seven UAE emirates, allocations by emirate population; weekly purchases and prices",,"lamb","goat","cross_price","0.018","dimensionless elasticity, percent quantity change per 1 percent regressor change as reported",,,,,,"Marshallian, conditional on six-product group","Six-good meat/fish expenditure shares normalized to unity.","pooled surveyed households across seven emirates; national representativeness unestablished","https://www.agrojournal.org/19/01-05.pdf","Table 2 p.37; row lamb, price column goat",,"human_review_pending"
"EST-127","ARE-BASARIR-2013","ARE","500 face-to-face household questionnaires across all seven UAE emirates, allocations by emirate population; weekly purchases and prices",,"lamb","chicken","cross_price","-0.085","dimensionless elasticity, percent quantity change per 1 percent regressor change as reported",,,,,,"Marshallian, conditional on six-product group","Six-good meat/fish expenditure shares normalized to unity.","pooled surveyed households across seven emirates; national representativeness unestablished","https://www.agrojournal.org/19/01-05.pdf","Table 2 p.37; row lamb, price column chicken",,"human_review_pending"
"EST-128","ARE-BASARIR-2013","ARE","500 face-to-face household questionnaires across all seven UAE emirates, allocations by emirate population; weekly purchases and prices",,"lamb","camel","cross_price","-0.105","dimensionless elasticity, percent quantity change per 1 percent regressor change as reported",,,,,,"Marshallian, conditional on six-product group","Six-good meat/fish expenditure shares normalized to unity.","pooled surveyed households across seven emirates; national representativeness unestablished","https://www.agrojournal.org/19/01-05.pdf","Table 2 p.37; row lamb, price column camel",,"human_review_pending"
"EST-129","ARE-BASARIR-2013","ARE","500 face-to-face household questionnaires across all seven UAE emirates, allocations by emirate population; weekly purchases and prices",,"lamb","fish","cross_price","0.018","dimensionless elasticity, percent quantity change per 1 percent regressor change as reported",,,,,,"Marshallian, conditional on six-product group","Six-good meat/fish expenditure shares normalized to unity.","pooled surveyed households across seven emirates; national representativeness unestablished","https://www.agrojournal.org/19/01-05.pdf","Table 2 p.37; row lamb, price column fish",,"human_review_pending"
"EST-130","ARE-BASARIR-2013","ARE","500 face-to-face household questionnaires across all seven UAE emirates, allocations by emirate population; weekly purchases and prices",,"goat","beef","cross_price","-0.432","dimensionless elasticity, percent quantity change per 1 percent regressor change as reported",,,,"*","p < .01 (source legend)","Marshallian, conditional on six-product group","Six-good meat/fish expenditure shares normalized to unity.","pooled surveyed households across seven emirates; national representativeness unestablished","https://www.agrojournal.org/19/01-05.pdf","Table 2 p.37; row goat, price column beef",,"human_review_pending"
"EST-131","ARE-BASARIR-2013","ARE","500 face-to-face household questionnaires across all seven UAE emirates, allocations by emirate population; weekly purchases and prices",,"goat","lamb","cross_price","-0.149","dimensionless elasticity, percent quantity change per 1 percent regressor change as reported",,,,,,"Marshallian, conditional on six-product group","Six-good meat/fish expenditure shares normalized to unity.","pooled surveyed households across seven emirates; national representativeness unestablished","https://www.agrojournal.org/19/01-05.pdf","Table 2 p.37; row goat, price column lamb",,"human_review_pending"
"EST-132","ARE-BASARIR-2013","ARE","500 face-to-face household questionnaires across all seven UAE emirates, allocations by emirate population; weekly purchases and prices",,"goat","goat","own_price","-0.499","dimensionless elasticity, percent quantity change per 1 percent regressor change as reported",,,,"**","p < .05 (source legend)","Marshallian, conditional on six-product group","Six-good meat/fish expenditure shares normalized to unity.","pooled surveyed households across seven emirates; national representativeness unestablished","https://www.agrojournal.org/19/01-05.pdf","Table 2 p.37; row goat, price column goat",,"human_review_pending"
"EST-133","ARE-BASARIR-2013","ARE","500 face-to-face household questionnaires across all seven UAE emirates, allocations by emirate population; weekly purchases and prices",,"goat","chicken","cross_price","-0.319","dimensionless elasticity, percent quantity change per 1 percent regressor change as reported",,,,"**","p < .05 (source legend)","Marshallian, conditional on six-product group","Six-good meat/fish expenditure shares normalized to unity.","pooled surveyed households across seven emirates; national representativeness unestablished","https://www.agrojournal.org/19/01-05.pdf","Table 2 p.37; row goat, price column chicken",,"human_review_pending"
"EST-134","ARE-BASARIR-2013","ARE","500 face-to-face household questionnaires across all seven UAE emirates, allocations by emirate population; weekly purchases and prices",,"goat","camel","cross_price","-0.243","dimensionless elasticity, percent quantity change per 1 percent regressor change as reported",,,,,,"Marshallian, conditional on six-product group","Six-good meat/fish expenditure shares normalized to unity.","pooled surveyed households across seven emirates; national representativeness unestablished","https://www.agrojournal.org/19/01-05.pdf","Table 2 p.37; row goat, price column camel",,"human_review_pending"
"EST-135","ARE-BASARIR-2013","ARE","500 face-to-face household questionnaires across all seven UAE emirates, allocations by emirate population; weekly purchases and prices",,"goat","fish","cross_price","-0.164","dimensionless elasticity, percent quantity change per 1 percent regressor change as reported",,,,,,"Marshallian, conditional on six-product group","Six-good meat/fish expenditure shares normalized to unity.","pooled surveyed households across seven emirates; national representativeness unestablished","https://www.agrojournal.org/19/01-05.pdf","Table 2 p.37; row goat, price column fish",,"human_review_pending"
"EST-136","ARE-BASARIR-2013","ARE","500 face-to-face household questionnaires across all seven UAE emirates, allocations by emirate population; weekly purchases and prices",,"chicken","beef","cross_price","-0.09","dimensionless elasticity, percent quantity change per 1 percent regressor change as reported",,,,,,"Marshallian, conditional on six-product group","Six-good meat/fish expenditure shares normalized to unity.","pooled surveyed households across seven emirates; national representativeness unestablished","https://www.agrojournal.org/19/01-05.pdf","Table 2 p.37; row chicken, price column beef",,"human_review_pending"
"EST-137","ARE-BASARIR-2013","ARE","500 face-to-face household questionnaires across all seven UAE emirates, allocations by emirate population; weekly purchases and prices",,"chicken","lamb","cross_price","0.188","dimensionless elasticity, percent quantity change per 1 percent regressor change as reported",,,,,,"Marshallian, conditional on six-product group","Six-good meat/fish expenditure shares normalized to unity.","pooled surveyed households across seven emirates; national representativeness unestablished","https://www.agrojournal.org/19/01-05.pdf","Table 2 p.37; row chicken, price column lamb",,"human_review_pending"
"EST-138","ARE-BASARIR-2013","ARE","500 face-to-face household questionnaires across all seven UAE emirates, allocations by emirate population; weekly purchases and prices",,"chicken","goat","cross_price","0.078","dimensionless elasticity, percent quantity change per 1 percent regressor change as reported",,,,,,"Marshallian, conditional on six-product group","Six-good meat/fish expenditure shares normalized to unity.","pooled surveyed households across seven emirates; national representativeness unestablished","https://www.agrojournal.org/19/01-05.pdf","Table 2 p.37; row chicken, price column goat",,"human_review_pending"
"EST-139","ARE-BASARIR-2013","ARE","500 face-to-face household questionnaires across all seven UAE emirates, allocations by emirate population; weekly purchases and prices",,"chicken","chicken","own_price","-0.319","dimensionless elasticity, percent quantity change per 1 percent regressor change as reported",,,,,,"Marshallian, conditional on six-product group","Six-good meat/fish expenditure shares normalized to unity.","pooled surveyed households across seven emirates; national representativeness unestablished","https://www.agrojournal.org/19/01-05.pdf","Table 2 p.37; row chicken, price column chicken",,"human_review_pending"
"EST-140","ARE-BASARIR-2013","ARE","500 face-to-face household questionnaires across all seven UAE emirates, allocations by emirate population; weekly purchases and prices",,"chicken","camel","cross_price","0.528","dimensionless elasticity, percent quantity change per 1 percent regressor change as reported",,,,"**","p < .05 (source legend)","Marshallian, conditional on six-product group","Six-good meat/fish expenditure shares normalized to unity.","pooled surveyed households across seven emirates; national representativeness unestablished","https://www.agrojournal.org/19/01-05.pdf","Table 2 p.37; row chicken, price column camel",,"human_review_pending"
"EST-141","ARE-BASARIR-2013","ARE","500 face-to-face household questionnaires across all seven UAE emirates, allocations by emirate population; weekly purchases and prices",,"chicken","fish","cross_price","0.232","dimensionless elasticity, percent quantity change per 1 percent regressor change as reported",,,,,,"Marshallian, conditional on six-product group","Six-good meat/fish expenditure shares normalized to unity.","pooled surveyed households across seven emirates; national representativeness unestablished","https://www.agrojournal.org/19/01-05.pdf","Table 2 p.37; row chicken, price column fish",,"human_review_pending"
"EST-142","ARE-BASARIR-2013","ARE","500 face-to-face household questionnaires across all seven UAE emirates, allocations by emirate population; weekly purchases and prices",,"beef","beef","own_price","0.568","dimensionless elasticity, percent quantity change per 1 percent regressor change as reported",,,,"***","p < .10 (source legend)","Hicksian, conditional on six-product group","Six-good meat/fish expenditure shares normalized to unity.","pooled surveyed households across seven emirates; national representativeness unestablished","https://www.agrojournal.org/19/01-05.pdf","Table 3 p.37; row beef, price column beef",,"human_review_pending"
"EST-143","ARE-BASARIR-2013","ARE","500 face-to-face household questionnaires across all seven UAE emirates, allocations by emirate population; weekly purchases and prices",,"beef","lamb","cross_price","-0.189","dimensionless elasticity, percent quantity change per 1 percent regressor change as reported",,,,,,"Hicksian, conditional on six-product group","Six-good meat/fish expenditure shares normalized to unity.","pooled surveyed households across seven emirates; national representativeness unestablished","https://www.agrojournal.org/19/01-05.pdf","Table 3 p.37; row beef, price column lamb",,"human_review_pending"
"EST-144","ARE-BASARIR-2013","ARE","500 face-to-face household questionnaires across all seven UAE emirates, allocations by emirate population; weekly purchases and prices",,"beef","goat","cross_price","-0.258","dimensionless elasticity, percent quantity change per 1 percent regressor change as reported",,,,,,"Hicksian, conditional on six-product group","Six-good meat/fish expenditure shares normalized to unity.","pooled surveyed households across seven emirates; national representativeness unestablished","https://www.agrojournal.org/19/01-05.pdf","Table 3 p.37; row beef, price column goat",,"human_review_pending"
"EST-145","ARE-BASARIR-2013","ARE","500 face-to-face household questionnaires across all seven UAE emirates, allocations by emirate population; weekly purchases and prices",,"beef","chicken","cross_price","-0.302","dimensionless elasticity, percent quantity change per 1 percent regressor change as reported",,,,,,"Hicksian, conditional on six-product group","Six-good meat/fish expenditure shares normalized to unity.","pooled surveyed households across seven emirates; national representativeness unestablished","https://www.agrojournal.org/19/01-05.pdf","Table 3 p.37; row beef, price column chicken",,"human_review_pending"
"EST-146","ARE-BASARIR-2013","ARE","500 face-to-face household questionnaires across all seven UAE emirates, allocations by emirate population; weekly purchases and prices",,"beef","camel","cross_price","-0.138","dimensionless elasticity, percent quantity change per 1 percent regressor change as reported",,,,,,"Hicksian, conditional on six-product group","Six-good meat/fish expenditure shares normalized to unity.","pooled surveyed households across seven emirates; national representativeness unestablished","https://www.agrojournal.org/19/01-05.pdf","Table 3 p.37; row beef, price column camel",,"human_review_pending"
"EST-147","ARE-BASARIR-2013","ARE","500 face-to-face household questionnaires across all seven UAE emirates, allocations by emirate population; weekly purchases and prices",,"beef","fish","cross_price","-0.035","dimensionless elasticity, percent quantity change per 1 percent regressor change as reported",,,,,,"Hicksian, conditional on six-product group","Six-good meat/fish expenditure shares normalized to unity.","pooled surveyed households across seven emirates; national representativeness unestablished","https://www.agrojournal.org/19/01-05.pdf","Table 3 p.37; row beef, price column fish",,"human_review_pending"
"EST-148","ARE-BASARIR-2013","ARE","500 face-to-face household questionnaires across all seven UAE emirates, allocations by emirate population; weekly purchases and prices",,"lamb","beef","cross_price","-0.113","dimensionless elasticity, percent quantity change per 1 percent regressor change as reported",,,,,,"Hicksian, conditional on six-product group","Six-good meat/fish expenditure shares normalized to unity.","pooled surveyed households across seven emirates; national representativeness unestablished","https://www.agrojournal.org/19/01-05.pdf","Table 3 p.37; row lamb, price column beef",,"human_review_pending"
"EST-149","ARE-BASARIR-2013","ARE","500 face-to-face household questionnaires across all seven UAE emirates, allocations by emirate population; weekly purchases and prices",,"lamb","lamb","own_price","0.134","dimensionless elasticity, percent quantity change per 1 percent regressor change as reported",,,,,,"Hicksian, conditional on six-product group","Six-good meat/fish expenditure shares normalized to unity.","pooled surveyed households across seven emirates; national representativeness unestablished","https://www.agrojournal.org/19/01-05.pdf","Table 3 p.37; row lamb, price column lamb",,"human_review_pending"
"EST-150","ARE-BASARIR-2013","ARE","500 face-to-face household questionnaires across all seven UAE emirates, allocations by emirate population; weekly purchases and prices",,"lamb","goat","cross_price","0.194","dimensionless elasticity, percent quantity change per 1 percent regressor change as reported",,,,,,"Hicksian, conditional on six-product group","Six-good meat/fish expenditure shares normalized to unity.","pooled surveyed households across seven emirates; national representativeness unestablished","https://www.agrojournal.org/19/01-05.pdf","Table 3 p.37; row lamb, price column goat",,"human_review_pending"
"EST-151","ARE-BASARIR-2013","ARE","500 face-to-face household questionnaires across all seven UAE emirates, allocations by emirate population; weekly purchases and prices",,"lamb","chicken","cross_price","0.025","dimensionless elasticity, percent quantity change per 1 percent regressor change as reported",,,,,,"Hicksian, conditional on six-product group","Six-good meat/fish expenditure shares normalized to unity.","pooled surveyed households across seven emirates; national representativeness unestablished","https://www.agrojournal.org/19/01-05.pdf","Table 3 p.37; row lamb, price column chicken",,"human_review_pending"
"EST-152","ARE-BASARIR-2013","ARE","500 face-to-face household questionnaires across all seven UAE emirates, allocations by emirate population; weekly purchases and prices",,"lamb","camel","cross_price","0.054","dimensionless elasticity, percent quantity change per 1 percent regressor change as reported",,,,,,"Hicksian, conditional on six-product group","Six-good meat/fish expenditure shares normalized to unity.","pooled surveyed households across seven emirates; national representativeness unestablished","https://www.agrojournal.org/19/01-05.pdf","Table 3 p.37; row lamb, price column camel",,"human_review_pending"
"EST-153","ARE-BASARIR-2013","ARE","500 face-to-face household questionnaires across all seven UAE emirates, allocations by emirate population; weekly purchases and prices",,"lamb","fish","cross_price","0.358","dimensionless elasticity, percent quantity change per 1 percent regressor change as reported",,,,"*","p < .01 (source legend)","Hicksian, conditional on six-product group","Six-good meat/fish expenditure shares normalized to unity.","pooled surveyed households across seven emirates; national representativeness unestablished","https://www.agrojournal.org/19/01-05.pdf","Table 3 p.37; row lamb, price column fish",,"human_review_pending"
"EST-154","ARE-BASARIR-2013","ARE","500 face-to-face household questionnaires across all seven UAE emirates, allocations by emirate population; weekly purchases and prices",,"goat","beef","cross_price","-0.155","dimensionless elasticity, percent quantity change per 1 percent regressor change as reported",,,,"*","p < .01 (source legend)","Hicksian, conditional on six-product group","Six-good meat/fish expenditure shares normalized to unity.","pooled surveyed households across seven emirates; national representativeness unestablished","https://www.agrojournal.org/19/01-05.pdf","Table 3 p.37; row goat, price column beef",,"human_review_pending"
"EST-155","ARE-BASARIR-2013","ARE","500 face-to-face household questionnaires across all seven UAE emirates, allocations by emirate population; weekly purchases and prices",,"goat","lamb","cross_price","0.194","dimensionless elasticity, percent quantity change per 1 percent regressor change as reported",,,,,,"Hicksian, conditional on six-product group","Six-good meat/fish expenditure shares normalized to unity.","pooled surveyed households across seven emirates; national representativeness unestablished","https://www.agrojournal.org/19/01-05.pdf","Table 3 p.37; row goat, price column lamb",,"human_review_pending"
"EST-156","ARE-BASARIR-2013","ARE","500 face-to-face household questionnaires across all seven UAE emirates, allocations by emirate population; weekly purchases and prices",,"goat","goat","own_price","-0.156","dimensionless elasticity, percent quantity change per 1 percent regressor change as reported",,,,,,"Hicksian, conditional on six-product group","Six-good meat/fish expenditure shares normalized to unity.","pooled surveyed households across seven emirates; national representativeness unestablished","https://www.agrojournal.org/19/01-05.pdf","Table 3 p.37; row goat, price column goat",,"human_review_pending"
"EST-157","ARE-BASARIR-2013","ARE","500 face-to-face household questionnaires across all seven UAE emirates, allocations by emirate population; weekly purchases and prices",,"goat","chicken","cross_price","-0.041","dimensionless elasticity, percent quantity change per 1 percent regressor change as reported",,,,"*","p < .01 (source legend)","Hicksian, conditional on six-product group","Six-good meat/fish expenditure shares normalized to unity.","pooled surveyed households across seven emirates; national representativeness unestablished","https://www.agrojournal.org/19/01-05.pdf","Table 3 p.37; row goat, price column chicken",,"human_review_pending"
"EST-158","ARE-BASARIR-2013","ARE","500 face-to-face household questionnaires across all seven UAE emirates, allocations by emirate population; weekly purchases and prices",,"goat","camel","cross_price","0.084","dimensionless elasticity, percent quantity change per 1 percent regressor change as reported",,,,,,"Hicksian, conditional on six-product group","Six-good meat/fish expenditure shares normalized to unity.","pooled surveyed households across seven emirates; national representativeness unestablished","https://www.agrojournal.org/19/01-05.pdf","Table 3 p.37; row goat, price column camel",,"human_review_pending"
"EST-159","ARE-BASARIR-2013","ARE","500 face-to-face household questionnaires across all seven UAE emirates, allocations by emirate population; weekly purchases and prices",,"goat","fish","cross_price","0.343","dimensionless elasticity, percent quantity change per 1 percent regressor change as reported",,,,"*","p < .01 (source legend)","Hicksian, conditional on six-product group","Six-good meat/fish expenditure shares normalized to unity.","pooled surveyed households across seven emirates; national representativeness unestablished","https://www.agrojournal.org/19/01-05.pdf","Table 3 p.37; row goat, price column fish",,"human_review_pending"
"EST-160","ARE-BASARIR-2013","ARE","500 face-to-face household questionnaires across all seven UAE emirates, allocations by emirate population; weekly purchases and prices",,"chicken","beef","cross_price","-0.302","dimensionless elasticity, percent quantity change per 1 percent regressor change as reported",,,,,,"Hicksian, conditional on six-product group","Six-good meat/fish expenditure shares normalized to unity.","pooled surveyed households across seven emirates; national representativeness unestablished","https://www.agrojournal.org/19/01-05.pdf","Table 3 p.37; row chicken, price column beef",,"human_review_pending"
"EST-161","ARE-BASARIR-2013","ARE","500 face-to-face household questionnaires across all seven UAE emirates, allocations by emirate population; weekly purchases and prices",,"chicken","lamb","cross_price","0.042","dimensionless elasticity, percent quantity change per 1 percent regressor change as reported",,,,,,"Hicksian, conditional on six-product group","Six-good meat/fish expenditure shares normalized to unity.","pooled surveyed households across seven emirates; national representativeness unestablished","https://www.agrojournal.org/19/01-05.pdf","Table 3 p.37; row chicken, price column lamb",,"human_review_pending"
"EST-162","ARE-BASARIR-2013","ARE","500 face-to-face household questionnaires across all seven UAE emirates, allocations by emirate population; weekly purchases and prices",,"chicken","goat","cross_price","-0.068","dimensionless elasticity, percent quantity change per 1 percent regressor change as reported",,,,,,"Hicksian, conditional on six-product group","Six-good meat/fish expenditure shares normalized to unity.","pooled surveyed households across seven emirates; national representativeness unestablished","https://www.agrojournal.org/19/01-05.pdf","Table 3 p.37; row chicken, price column goat",,"human_review_pending"
"EST-163","ARE-BASARIR-2013","ARE","500 face-to-face household questionnaires across all seven UAE emirates, allocations by emirate population; weekly purchases and prices",,"chicken","chicken","own_price","-0.531","dimensionless elasticity, percent quantity change per 1 percent regressor change as reported",,,,"**","p < .05 (source legend)","Hicksian, conditional on six-product group","Six-good meat/fish expenditure shares normalized to unity.","pooled surveyed households across seven emirates; national representativeness unestablished","https://www.agrojournal.org/19/01-05.pdf","Table 3 p.37; row chicken, price column chicken",,"human_review_pending"
"EST-164","ARE-BASARIR-2013","ARE","500 face-to-face household questionnaires across all seven UAE emirates, allocations by emirate population; weekly purchases and prices",,"chicken","camel","cross_price","0.366","dimensionless elasticity, percent quantity change per 1 percent regressor change as reported",,,,"***","p < .10 (source legend)","Hicksian, conditional on six-product group","Six-good meat/fish expenditure shares normalized to unity.","pooled surveyed households across seven emirates; national representativeness unestablished","https://www.agrojournal.org/19/01-05.pdf","Table 3 p.37; row chicken, price column camel",,"human_review_pending"
"EST-165","ARE-BASARIR-2013","ARE","500 face-to-face household questionnaires across all seven UAE emirates, allocations by emirate population; weekly purchases and prices",,"chicken","fish","cross_price","0.25","dimensionless elasticity, percent quantity change per 1 percent regressor change as reported",,,,,,"Hicksian, conditional on six-product group","Six-good meat/fish expenditure shares normalized to unity.","pooled surveyed households across seven emirates; national representativeness unestablished","https://www.agrojournal.org/19/01-05.pdf","Table 3 p.37; row chicken, price column fish",,"human_review_pending"
"EST-166","ARE-BASARIR-2013","ARE","500 face-to-face household questionnaires across all seven UAE emirates, allocations by emirate population; weekly purchases and prices",,"beef","expenditure","expenditure","0.804","dimensionless elasticity, percent quantity change per 1 percent regressor change as reported",,,,"*","p < .01 (source legend)","not applicable; six-product group expenditure elasticity","Six-good meat/fish expenditure shares normalized to unity.","pooled surveyed households across seven emirates; national representativeness unestablished","https://www.agrojournal.org/19/01-05.pdf","Table 4 p.37; beef row",,"human_review_pending"
"EST-167","ARE-BASARIR-2013","ARE","500 face-to-face household questionnaires across all seven UAE emirates, allocations by emirate population; weekly purchases and prices",,"lamb","expenditure","expenditure","1.012","dimensionless elasticity, percent quantity change per 1 percent regressor change as reported",,,,"*","p < .01 (source legend)","not applicable; six-product group expenditure elasticity","Six-good meat/fish expenditure shares normalized to unity.","pooled surveyed households across seven emirates; national representativeness unestablished","https://www.agrojournal.org/19/01-05.pdf","Table 4 p.37; lamb row",,"human_review_pending"
"EST-168","ARE-BASARIR-2013","ARE","500 face-to-face household questionnaires across all seven UAE emirates, allocations by emirate population; weekly purchases and prices",,"goat","expenditure","expenditure","1.179","dimensionless elasticity, percent quantity change per 1 percent regressor change as reported",,,,"*","p < .01 (source legend)","not applicable; six-product group expenditure elasticity","Six-good meat/fish expenditure shares normalized to unity.","pooled surveyed households across seven emirates; national representativeness unestablished","https://www.agrojournal.org/19/01-05.pdf","Table 4 p.37; goat row",,"human_review_pending"
"EST-169","ARE-BASARIR-2013","ARE","500 face-to-face household questionnaires across all seven UAE emirates, allocations by emirate population; weekly purchases and prices",,"chicken","expenditure","expenditure","0.69","dimensionless elasticity, percent quantity change per 1 percent regressor change as reported",,,,"*","p < .01 (source legend)","not applicable; six-product group expenditure elasticity","Six-good meat/fish expenditure shares normalized to unity.","pooled surveyed households across seven emirates; national representativeness unestablished","https://www.agrojournal.org/19/01-05.pdf","Table 4 p.37; chicken row",,"human_review_pending"
"EST-170","PAK-HAYAT-2023","PAK","Pakistan HIES households","2018–2019","meat aggregate","cereals","cross_price","-0.54433","dimensionless elasticity, percent quantity change per 1 percent regressor change as reported",,,,,,"Marshallian, conditional on eight-food budget","Eight-food-group budget; food expenditure is income proxy, not total household income.","pooled/national","https://doi.org/10.1016/j.heliyon.2023.e19518","Table 3, Meat row; row meat aggregate, price column cereals",,"human_review_pending"
"EST-171","PAK-HAYAT-2023","PAK","Pakistan HIES households","2018–2019","meat aggregate","pulses","cross_price","-0.05032","dimensionless elasticity, percent quantity change per 1 percent regressor change as reported",,,,,,"Marshallian, conditional on eight-food budget","Eight-food-group budget; food expenditure is income proxy, not total household income.","pooled/national","https://doi.org/10.1016/j.heliyon.2023.e19518","Table 3, Meat row; row meat aggregate, price column pulses",,"human_review_pending"
"EST-172","PAK-HAYAT-2023","PAK","Pakistan HIES households","2018–2019","meat aggregate","milk","cross_price","-0.70608","dimensionless elasticity, percent quantity change per 1 percent regressor change as reported",,,,,,"Marshallian, conditional on eight-food budget","Eight-food-group budget; food expenditure is income proxy, not total household income.","pooled/national","https://doi.org/10.1016/j.heliyon.2023.e19518","Table 3, Meat row; row meat aggregate, price column milk",,"human_review_pending"
"EST-173","PAK-HAYAT-2023","PAK","Pakistan HIES households","2018–2019","meat aggregate","meat aggregate","own_price","-0.12486","dimensionless elasticity, percent quantity change per 1 percent regressor change as reported",,,,,,"Marshallian, conditional on eight-food budget","Eight-food-group budget; food expenditure is income proxy, not total household income.","pooled/national","https://doi.org/10.1016/j.heliyon.2023.e19518","Table 3, Meat row; row meat aggregate, price column meat aggregate",,"human_review_pending"
"EST-174","PAK-HAYAT-2023","PAK","Pakistan HIES households","2018–2019","meat aggregate","fruits","cross_price","-0.05902","dimensionless elasticity, percent quantity change per 1 percent regressor change as reported",,,,,,"Marshallian, conditional on eight-food budget","Eight-food-group budget; food expenditure is income proxy, not total household income.","pooled/national","https://doi.org/10.1016/j.heliyon.2023.e19518","Table 3, Meat row; row meat aggregate, price column fruits",,"human_review_pending"
"EST-175","PAK-HAYAT-2023","PAK","Pakistan HIES households","2018–2019","meat aggregate","vegetables","cross_price","-0.25748","dimensionless elasticity, percent quantity change per 1 percent regressor change as reported",,,,,,"Marshallian, conditional on eight-food budget","Eight-food-group budget; food expenditure is income proxy, not total household income.","pooled/national","https://doi.org/10.1016/j.heliyon.2023.e19518","Table 3, Meat row; row meat aggregate, price column vegetables",,"human_review_pending"
"EST-176","PAK-HAYAT-2023","PAK","Pakistan HIES households","2018–2019","meat aggregate","sugar","cross_price","-0.06297","dimensionless elasticity, percent quantity change per 1 percent regressor change as reported",,,,,,"Marshallian, conditional on eight-food budget","Eight-food-group budget; food expenditure is income proxy, not total household income.","pooled/national","https://doi.org/10.1016/j.heliyon.2023.e19518","Table 3, Meat row; row meat aggregate, price column sugar",,"human_review_pending"
"EST-177","PAK-HAYAT-2023","PAK","Pakistan HIES households","2018–2019","meat aggregate","ghee/oils","cross_price","-0.19362","dimensionless elasticity, percent quantity change per 1 percent regressor change as reported",,,,,,"Marshallian, conditional on eight-food budget","Eight-food-group budget; food expenditure is income proxy, not total household income.","pooled/national","https://doi.org/10.1016/j.heliyon.2023.e19518","Table 3, Meat row; row meat aggregate, price column ghee/oils",,"human_review_pending"
"EST-178","PAK-HAYAT-2023","PAK","Pakistan HIES households","2018–2019","meat aggregate","cereals","cross_price","-0.15941","dimensionless elasticity, percent quantity change per 1 percent regressor change as reported",,,,,,"Hicksian, conditional on eight-food budget","Eight-food-group budget; food expenditure is income proxy, not total household income.","pooled/national","https://doi.org/10.1016/j.heliyon.2023.e19518","Table 4, Meat row; row meat aggregate, price column cereals",,"human_review_pending"
"EST-179","PAK-HAYAT-2023","PAK","Pakistan HIES households","2018–2019","meat aggregate","pulses","cross_price","-0.00269","dimensionless elasticity, percent quantity change per 1 percent regressor change as reported",,,,,,"Hicksian, conditional on eight-food budget","Eight-food-group budget; food expenditure is income proxy, not total household income.","pooled/national","https://doi.org/10.1016/j.heliyon.2023.e19518","Table 4, Meat row; row meat aggregate, price column pulses",,"human_review_pending"
"EST-180","PAK-HAYAT-2023","PAK","Pakistan HIES households","2018–2019","meat aggregate","milk","cross_price","-0.18482","dimensionless elasticity, percent quantity change per 1 percent regressor change as reported",,,,,,"Hicksian, conditional on eight-food budget","Eight-food-group budget; food expenditure is income proxy, not total household income.","pooled/national","https://doi.org/10.1016/j.heliyon.2023.e19518","Table 4, Meat row; row meat aggregate, price column milk",,"human_review_pending"
"EST-181","PAK-HAYAT-2023","PAK","Pakistan HIES households","2018–2019","meat aggregate","meat aggregate","own_price","0.090241","dimensionless elasticity, percent quantity change per 1 percent regressor change as reported",,,,,,"Hicksian, conditional on eight-food budget","Eight-food-group budget; food expenditure is income proxy, not total household income.","pooled/national","https://doi.org/10.1016/j.heliyon.2023.e19518","Table 4, Meat row; row meat aggregate, price column meat aggregate",,"human_review_pending"
"EST-182","PAK-HAYAT-2023","PAK","Pakistan HIES households","2018–2019","meat aggregate","fruits","cross_price","0.018735","dimensionless elasticity, percent quantity change per 1 percent regressor change as reported",,,,,,"Hicksian, conditional on eight-food budget","Eight-food-group budget; food expenditure is income proxy, not total household income.","pooled/national","https://doi.org/10.1016/j.heliyon.2023.e19518","Table 4, Meat row; row meat aggregate, price column fruits",,"human_review_pending"
"EST-183","PAK-HAYAT-2023","PAK","Pakistan HIES households","2018–2019","meat aggregate","vegetables","cross_price","-0.07806","dimensionless elasticity, percent quantity change per 1 percent regressor change as reported",,,,,,"Hicksian, conditional on eight-food budget","Eight-food-group budget; food expenditure is income proxy, not total household income.","pooled/national","https://doi.org/10.1016/j.heliyon.2023.e19518","Table 4, Meat row; row meat aggregate, price column vegetables",,"human_review_pending"
"EST-184","PAK-HAYAT-2023","PAK","Pakistan HIES households","2018–2019","meat aggregate","sugar","cross_price","0.019501","dimensionless elasticity, percent quantity change per 1 percent regressor change as reported",,,,,,"Hicksian, conditional on eight-food budget","Eight-food-group budget; food expenditure is income proxy, not total household income.","pooled/national","https://doi.org/10.1016/j.heliyon.2023.e19518","Table 4, Meat row; row meat aggregate, price column sugar",,"human_review_pending"
"EST-185","PAK-HAYAT-2023","PAK","Pakistan HIES households","2018–2019","meat aggregate","ghee/oils","cross_price","-0.01925","dimensionless elasticity, percent quantity change per 1 percent regressor change as reported",,,,,,"Hicksian, conditional on eight-food budget","Eight-food-group budget; food expenditure is income proxy, not total household income.","pooled/national","https://doi.org/10.1016/j.heliyon.2023.e19518","Table 4, Meat row; row meat aggregate, price column ghee/oils",,"human_review_pending"
"EST-186","PAK-HAYAT-2023","PAK","Pakistan HIES households","2018–2019","meat aggregate","expenditure","expenditure","1.683099","dimensionless elasticity, percent quantity change per 1 percent regressor change as reported",,,,,,"not applicable; eight-food budget expenditure elasticity","Eight-food-group budget; food expenditure is income proxy, not total household income.","pooled/national","https://doi.org/10.1016/j.heliyon.2023.e19518","Table 3, Meat row, Income elasticities column",,"human_review_pending"
